Cancer,Feature,Display,Method,Feature_Label,N_Low,N_High,Median_Low,Median_High,Effect,P,FDR,Significance,NegLogFDR,SignedNegLogFDR,SignedNegLogFDR_cap,Direction
ACC,Dysfunction,Dysfunction,TIDEpy,T-cell dysfunction,39,40,-0.154103137837477,-0.295210432717038,-0.141107294879561,0.000290929340508366,0.00145464670254183,**,2.83724247318518,-2.83724247318518,-2.83724247318518,Low
ACC,MDSC,MDSC,TIDEpy,MDSC,39,40,0.0203461024761047,0.0343246969924014,0.0139785945162967,0.000934761948751032,0.00233690487187758,**,2.63135896602433,2.63135896602433,2.63135896602433,High
ACC,Tregs_xCell,Tregs,xCell,Tregs (xCell),39,40,0,0,0,0.11374607171008,0.189576786183467,"",0.722214843420161,0,0,NS
ACC,Tregs_quantiseq,Tregs,quanTIseq,Tregs,39,40,0.00319477897078264,0.00444384012379658,0.00124906115301394,0.243013362171342,0.303766702714177,"",0.51745983290913,0.51745983290913,0.51745983290913,NS
ACC,TAM M2,TAM M2,TIDEpy,TAM M2,39,40,-0.0035241798059831,0.00174892460434175,0.00527310441032485,0.324386593485185,0.324386593485185,"",0.488937102968033,0.488937102968033,0.488937102968033,NS
BLCA,Dysfunction,Dysfunction,TIDEpy,T-cell dysfunction,203,203,-0.0786432132922456,-0.138508153040923,-0.0598649397486774,3.2019589828267e-14,1.60097949141335e-13,****,12.7956142313681,-12.7956142313681,-6,Low
BLCA,MDSC,MDSC,TIDEpy,MDSC,203,203,0.0285194598703588,0.0370931526978239,0.0085736928274651,1.92028457241234e-08,4.80071143103084e-08,****,7.3186943985252,7.3186943985252,6,High
BLCA,Tregs_xCell,Tregs,xCell,Tregs (xCell),212,219,1.35052203455699e-23,0,-1.35052203455699e-23,0.0998729028566214,0.149021641066316,"",0.826750658344679,-0.826750658344679,-0.826750658344679,NS
BLCA,TAM M2,TAM M2,TIDEpy,TAM M2,203,203,-0.00289690889772666,-0.00608253075461432,-0.00318562185688766,0.1352318362763,0.149021641066316,"",0.826750658344679,-0.826750658344679,-0.826750658344679,NS
BLCA,Tregs_quantiseq,Tregs,quanTIseq,Tregs,212,219,0.0128387238264297,0.0139814166078666,0.00114269278143692,0.149021641066316,0.149021641066316,"",0.826750658344679,0.826750658344679,0.826750658344679,NS
BRCA,Dysfunction,Dysfunction,TIDEpy,T-cell dysfunction,547,548,-0.136344838537948,-0.262276760430688,-0.12593192189274,5.02535009083259e-52,2.51267504541629e-51,****,50.5998636734082,-50.5998636734082,-6,Low
BRCA,MDSC,MDSC,TIDEpy,MDSC,547,548,0.0242669936886075,0.0357993516624955,0.011532357973888,9.8235700017266e-33,2.45589250043165e-32,****,31.6097906470957,31.6097906470957,6,High
BRCA,Tregs_quantiseq,Tregs,quanTIseq,Tregs,605,621,0.0221347125687237,0.024269764576027,0.00213505200730338,0.00037614383570828,0.000626906392847134,***,3.20279730144182,3.20279730144182,3.20279730144182,High
BRCA,TAM M2,TAM M2,TIDEpy,TAM M2,547,548,-0.00120135958518582,-0.00207646263455027,-0.00087510304936445,0.0258451616601435,0.0323064520751793,*,1.49071073399032,-1.49071073399032,-1.49071073399032,Low
BRCA,Tregs_xCell,Tregs,xCell,Tregs (xCell),605,621,9.73347288846642e-24,0,-9.73347288846642e-24,0.108811011474384,0.108811011474384,"",0.963327152610464,-0.963327152610464,-0.963327152610464,NS
CESC,MDSC,MDSC,TIDEpy,MDSC,152,152,0.0174369348111245,0.0359936380883975,0.018556703277273,1.37763249817303e-13,6.19134700949733e-13,****,12.2082148541867,12.2082148541867,6,High
CESC,Dysfunction,Dysfunction,TIDEpy,T-cell dysfunction,152,152,-0.0720512284353716,-0.157094545862469,-0.0850433174270969,2.47653880379893e-13,6.19134700949733e-13,****,12.2082148541867,-12.2082148541867,-6,Low
CESC,TAM M2,TAM M2,TIDEpy,TAM M2,152,152,-0.02207826819836,-0.0102596644242692,0.0118186037740909,5.17483745305963e-06,8.62472908843272e-06,****,5.06425453767458,5.06425453767458,5.06425453767458,High
CESC,Tregs_xCell,Tregs,xCell,Tregs (xCell),155,154,0,2.64791678587358e-23,2.64791678587358e-23,0.374442432045682,0.468053040057102,"",0.329704929620535,0.329704929620535,0.329704929620535,NS
CESC,Tregs_quantiseq,Tregs,quanTIseq,Tregs,155,154,0.017625826569651,0.0172211115860543,-0.000404714983596663,0.839038446551668,0.839038446551668,"",0.0762181384052894,-0.0762181384052894,-0.0762181384052894,NS
CHOL,Dysfunction,Dysfunction,TIDEpy,T-cell dysfunction,17,18,-0.129419205999404,-0.19983204432858,-0.0704128383291755,0.0720553814630122,0.35477265264229,"",0.450049864782513,-0.450049864782513,-0.450049864782513,NS
CHOL,MDSC,MDSC,TIDEpy,MDSC,17,18,0.0221605918914888,0.0310669586698405,0.0089063667783517,0.141909061056916,0.35477265264229,"",0.450049864782513,0.450049864782513,0.450049864782513,NS
CHOL,Tregs_xCell,Tregs,xCell,Tregs (xCell),20,23,3.20318128797678e-24,2.43669025823983e-23,2.11637212944215e-23,0.621874689406004,0.830132240640216,"",0.0808527187014479,0.0808527187014479,0.0808527187014479,NS
CHOL,Tregs_quantiseq,Tregs,quanTIseq,Tregs,20,23,0.00957916275942797,0.00953472839505371,-4.44343643742576e-05,0.796547910277525,0.830132240640216,"",0.0808527187014479,-0.0808527187014479,-0.0808527187014479,NS
CHOL,TAM M2,TAM M2,TIDEpy,TAM M2,17,18,-0.00962748821045598,-0.0119901359799093,-0.00236264776945327,0.830132240640216,0.830132240640216,"",0.0808527187014479,-0.0808527187014479,-0.0808527187014479,NS
COAD,Dysfunction,Dysfunction,TIDEpy,T-cell dysfunction,228,228,-0.140841293088233,-0.225344948565493,-0.08450365547726,4.80424835909315e-26,2.40212417954657e-25,****,24.6194045451855,-24.6194045451855,-6,Low
COAD,MDSC,MDSC,TIDEpy,MDSC,228,228,0.038155607630211,0.0444433407708192,0.00628773314060825,1.64531250486772e-07,4.11328126216929e-07,****,6.38581159284149,6.38581159284149,6,High
COAD,Tregs_quantiseq,Tregs,quanTIseq,Tregs,264,257,0.014227629540796,0.0196769935455479,0.00544936400475183,1.50380151360216e-05,2.50633585600361e-05,****,4.60096073276893,4.60096073276893,4.60096073276893,High
COAD,TAM M2,TAM M2,TIDEpy,TAM M2,228,228,0.00556168884838243,0.00654381694935265,0.000982128100970225,0.12052714950647,0.150658936883088,"",0.822005101468929,0.822005101468929,0.822005101468929,NS
COAD,Tregs_xCell,Tregs,xCell,Tregs (xCell),264,257,0,7.83886575127348e-24,7.83886575127348e-24,0.208582129932856,0.208582129932856,"",0.680722902064785,0.680722902064785,0.680722902064785,NS
DLBC,Tregs_quantiseq,Tregs,quanTIseq,Tregs,24,24,0,0.0301528388658289,0.0301528388658289,0.0791790660668634,0.395895330334317,"",0.402419620809045,0.402419620809045,0.402419620809045,NS
DLBC,TAM M2,TAM M2,TIDEpy,TAM M2,24,24,0.0103235592924978,0.00192226548423379,-0.00840129380826402,0.235768442708791,0.549227689646953,"",0.260247575663729,-0.260247575663729,-0.260247575663729,NS
DLBC,Tregs_xCell,Tregs,xCell,Tregs (xCell),24,24,2.05743772232498e-23,1.27979410706972e-24,-1.92945831161801e-23,0.394874751303704,0.549227689646953,"",0.260247575663729,-0.260247575663729,-0.260247575663729,NS
DLBC,MDSC,MDSC,TIDEpy,MDSC,24,24,0.00729574506917232,0.0024576521627357,-0.00483809290643662,0.439382151717562,0.549227689646953,"",0.260247575663729,-0.260247575663729,-0.260247575663729,NS
DLBC,Dysfunction,Dysfunction,TIDEpy,T-cell dysfunction,24,24,0.0365730128865952,0.037900930402179,0.0013279175155838,0.718216129533986,0.718216129533986,"",0.143744845814029,0.143744845814029,0.143744845814029,NS
ESCA,Dysfunction,Dysfunction,TIDEpy,T-cell dysfunction,81,81,-0.0512015136374898,-0.130441264411679,-0.0792397507741892,1.66213440632117e-11,8.31067203160586e-11,****,10.0803638561416,-10.0803638561416,-6,Low
ESCA,MDSC,MDSC,TIDEpy,MDSC,81,81,0.0181101918524983,0.0376610241141104,0.0195508322616121,8.67199691292214e-11,2.16799922823053e-10,****,9.6639408767348,9.6639408767348,6,High
ESCA,TAM M2,TAM M2,TIDEpy,TAM M2,81,81,-0.0179907606127625,-0.0099197854799562,0.0080709751328063,1.19708940236999e-05,1.99514900394999e-05,****,4.70002466429965,4.70002466429965,4.70002466429965,High
ESCA,Tregs_xCell,Tregs,xCell,Tregs (xCell),87,84,1.90232430378e-23,6.28526164968099e-24,-1.2737981388119e-23,0.354767622050711,0.443459527563388,"",0.353146010010266,-0.353146010010266,-0.353146010010266,NS
ESCA,Tregs_quantiseq,Tregs,quanTIseq,Tregs,87,84,0.0173229131596957,0.0195859086407161,0.00226299548102038,0.735114083803417,0.735114083803417,"",0.133645256668823,0.133645256668823,0.133645256668823,NS
GBM,MDSC,MDSC,TIDEpy,MDSC,80,81,0.0073516648610786,0.0289287868409986,0.02157712197992,2.90283558178787e-10,1.45141779089394e-09,****,8.83820755781524,8.83820755781524,6,High
GBM,Dysfunction,Dysfunction,TIDEpy,T-cell dysfunction,80,81,-0.0677177263508925,-0.161664987707184,-0.0939472613562915,2.15331182834569e-06,5.38327957086424e-06,****,5.26895306530212,-5.26895306530212,-5.26895306530212,Low
GBM,Tregs_quantiseq,Tregs,quanTIseq,Tregs,85,84,0,0,0,0.0104720019521347,0.0174533365868912,*,1.75812153588208,0,0,NS
GBM,TAM M2,TAM M2,TIDEpy,TAM M2,80,81,-0.00280325862736689,0.00310647006763842,0.00590972869500531,0.0157038322767369,0.0196297903459211,*,1.70708433881547,1.70708433881547,1.70708433881547,High
GBM,Tregs_xCell,Tregs,xCell,Tregs (xCell),85,84,1.56385867067478e-23,0,-1.56385867067478e-23,0.0306011898553258,0.0306011898553258,*,1.51426168667019,-1.51426168667019,-1.51426168667019,Low
HNSC,Dysfunction,Dysfunction,TIDEpy,T-cell dysfunction,251,251,-0.0184416051052189,-0.0642809656783163,-0.0458393605730974,4.8120309166312e-24,2.4060154583156e-23,****,22.6187015867054,-22.6187015867054,-6,Low
HNSC,MDSC,MDSC,TIDEpy,MDSC,251,251,0.0153993790802007,0.0275779732017864,0.0121785941215857,5.80522419937181e-22,1.45130604984295e-21,****,20.8382409943559,20.8382409943559,6,High
HNSC,TAM M2,TAM M2,TIDEpy,TAM M2,251,251,-0.0196031601769294,-0.0141770655805936,0.0054260945963358,0.000859712401585639,0.00143285400264273,**,2.84379805878397,2.84379805878397,2.84379805878397,High
HNSC,Tregs_quantiseq,Tregs,quanTIseq,Tregs,275,272,0.0200367987537625,0.0253465547526235,0.00530975599886106,0.00496214892670871,0.00620268615838589,**,2.20742019257828,2.20742019257828,2.20742019257828,High
HNSC,Tregs_xCell,Tregs,xCell,Tregs (xCell),275,272,0,0,0,0.35654582928808,0.35654582928808,"",0.447884639366935,0,0,NS
KICH,Dysfunction,Dysfunction,TIDEpy,T-cell dysfunction,32,33,-0.11127762368719,-0.216413617781258,-0.105135994094068,0.00010556485311849,0.000527824265592449,***,3.27751064789646,-3.27751064789646,-3.27751064789646,Low
KICH,Tregs_quantiseq,Tregs,quanTIseq,Tregs,42,47,0.00113162300212572,0.00347011101914698,0.00233848801702126,0.205893116221719,0.462509185370368,"",0.334879637809159,0.334879637809159,0.334879637809159,NS
KICH,Tregs_xCell,Tregs,xCell,Tregs (xCell),42,47,1.85823370667491e-23,3.92683193297749e-24,-1.46555051337716e-23,0.277505511222221,0.462509185370368,"",0.334879637809159,-0.334879637809159,-0.334879637809159,NS
KICH,TAM M2,TAM M2,TIDEpy,TAM M2,32,33,-0.0139865216106369,-0.0139887447814309,-2.22317079399958e-06,0.466461398977925,0.583076748722406,"",0.234274276539666,-0.234274276539666,-0.234274276539666,NS
KICH,MDSC,MDSC,TIDEpy,MDSC,32,33,0.00530053964998253,0.0037775476791545,-0.00152299197082803,0.747847327586818,0.747847327586818,"",0.126187053945909,-0.126187053945909,-0.126187053945909,NS
KIRC,Tregs_quantiseq,Tregs,quanTIseq,Tregs,306,307,0.013323914599485,0.0188361990340208,0.00551228443453579,1.37467570202755e-06,6.87337851013775e-06,****,5.162829739266,5.162829739266,5.162829739266,High
KIRC,TAM M2,TAM M2,TIDEpy,TAM M2,266,266,-0.0117563586080741,-0.0137861068442685,-0.00202974823619445,0.00159760509905484,0.00399401274763711,**,2.39859055333121,-2.39859055333121,-2.39859055333121,Low
KIRC,Dysfunction,Dysfunction,TIDEpy,T-cell dysfunction,266,266,-0.0740723091809764,-0.0884291563127808,-0.0143568471318044,0.0032909196754803,0.0054848661258005,**,2.26083396818693,-2.26083396818693,-2.26083396818693,Low
KIRC,MDSC,MDSC,TIDEpy,MDSC,266,266,0.0145808830187733,0.0185793347061559,0.0039984516873826,0.0054153954337945,0.00676924429224313,**,2.16945981255975,2.16945981255975,2.16945981255975,High
KIRC,Tregs_xCell,Tregs,xCell,Tregs (xCell),306,307,9.19668155364275e-24,0,-9.19668155364275e-24,0.0707649874530264,0.0707649874530264,"",1.15018156599696,-1.15018156599696,-1.15018156599696,NS
KIRP,Dysfunction,Dysfunction,TIDEpy,T-cell dysfunction,145,145,-0.0991377058195636,-0.172762181615818,-0.0736244757962544,1.59373345651619e-11,7.96866728258093e-11,****,10.0986143059838,-10.0986143059838,-6,Low
KIRP,MDSC,MDSC,TIDEpy,MDSC,145,145,-0.000398714094730744,0.00947128510918472,0.00986999920391546,5.25471219164557e-06,1.31367804791139e-05,****,4.88151105726307,4.88151105726307,4.88151105726307,High
KIRP,TAM M2,TAM M2,TIDEpy,TAM M2,145,145,-0.00629605418060469,-0.00912887772356658,-0.00283282354296189,3.76241601828009e-05,6.27069336380015e-05,****,4.20268443565672,-4.20268443565672,-4.20268443565672,Low
KIRP,Tregs_quantiseq,Tregs,quanTIseq,Tregs,159,164,0.00277135476729817,0.00480788638565752,0.00203653161835935,0.000100279722856376,0.00012534965357047,***,3.90187686196617,3.90187686196617,3.90187686196617,High
KIRP,Tregs_xCell,Tregs,xCell,Tregs (xCell),159,164,1.53003548503057e-24,1.34989125188805e-23,1.19688770338499e-23,0.882962529547972,0.882962529547972,"",0.0540577262704948,0.0540577262704948,0.0540577262704948,NS
LAML,Dysfunction,Dysfunction,TIDEpy,T-cell dysfunction,75,75,0.0373770492521302,-0.0590430308696361,-0.0964200801217663,4.3231163522027e-05,0.000216155817610135,***,3.6652330713865,-3.6652330713865,-3.6652330713865,Low
LAML,Tregs_quantiseq,Tregs,quanTIseq,Tregs,75,75,0.0246643923033994,0.0323981602366173,0.00773376793321796,0.00120756256441114,0.00301890641102785,**,2.52015035031052,2.52015035031052,2.52015035031052,High
LAML,TAM M2,TAM M2,TIDEpy,TAM M2,75,75,-0.0084060389065575,-0.000238658300304687,0.00816738060625281,0.0373118583822691,0.0621864306371152,"",1.20630437000898,1.20630437000898,1.20630437000898,NS
LAML,MDSC,MDSC,TIDEpy,MDSC,75,75,-0.016335608948382,-0.013706257901594,0.002629351046788,0.10522975958875,0.131537199485938,"",0.88095140879538,0.88095140879538,0.88095140879538,NS
LAML,Tregs_xCell,Tregs,xCell,Tregs (xCell),75,75,1.69332419353542e-23,2.96316994819958e-24,-1.39700719871546e-23,0.342377241933243,0.342377241933243,"",0.465495110908706,-0.465495110908706,-0.465495110908706,NS
LGG,Dysfunction,Dysfunction,TIDEpy,T-cell dysfunction,257,257,-0.0422735382393998,-0.12383212840004,-0.0815585901606402,4.82245074180766e-18,2.41122537090383e-17,****,16.6177621953606,-16.6177621953606,-6,Low
LGG,Tregs_quantiseq,Tregs,quanTIseq,Tregs,261,271,0,0,0,1.93115157519469e-12,4.82787893798671e-12,****,11.3162436286376,0,0,NS
LGG,MDSC,MDSC,TIDEpy,MDSC,257,257,0.0228941862190556,0.0277289837700595,0.0048347975510039,4.36798357307932e-06,7.27997262179887e-06,****,5.1378702539595,5.1378702539595,5.1378702539595,High
LGG,TAM M2,TAM M2,TIDEpy,TAM M2,257,257,0.0060136317039446,0.00491726840671922,-0.00109636329722538,0.128826913185792,0.161033641482241,"",0.793083386180097,-0.793083386180097,-0.793083386180097,NS
LGG,Tregs_xCell,Tregs,xCell,Tregs (xCell),261,271,4.19603868930065e-24,0,-4.19603868930065e-24,0.976220355834461,0.976220355834461,"",0.0104521408155236,-0.0104521408155236,-0.0104521408155236,NS
LIHC,Dysfunction,Dysfunction,TIDEpy,T-cell dysfunction,185,186,-0.020317714600124,-0.0460458131789877,-0.0257280985788637,6.78228205249001e-13,3.391141026245e-12,****,11.4696541489873,-11.4696541489873,-6,Low
LIHC,Tregs_quantiseq,Tregs,quanTIseq,Tregs,212,212,0,0.00363094371849142,0.00363094371849142,1.336097947499e-08,3.34024486874749e-08,****,7.47622169449151,7.47622169449151,6,High
LIHC,MDSC,MDSC,TIDEpy,MDSC,185,186,-0.00741544669131189,-0.00453609149633593,0.00287935519497596,7.02231382548513e-08,1.17038563758086e-07,****,6.93167101630658,6.93167101630658,6,High
LIHC,TAM M2,TAM M2,TIDEpy,TAM M2,185,186,-0.00619667249179198,-0.00631487768640049,-0.000118205194608505,0.871928275220663,0.892277188203754,"",0.0495002099657815,-0.0495002099657815,-0.0495002099657815,NS
LIHC,Tregs_xCell,Tregs,xCell,Tregs (xCell),212,212,0,1.16916879236762e-23,1.16916879236762e-23,0.892277188203754,0.892277188203754,"",0.0495002099657815,0.0495002099657815,0.0495002099657815,NS
LUAD,MDSC,MDSC,TIDEpy,MDSC,258,258,0.00127218035947591,0.0130782757724466,0.0118060954129707,1.6392331954065e-22,8.19616597703251e-22,****,21.086389255471,21.086389255471,6,High
LUAD,Dysfunction,Dysfunction,TIDEpy,T-cell dysfunction,258,258,-0.0798056924969114,-0.203762030609039,-0.123956338112127,1.27943548306579e-17,3.19858870766447e-17,****,16.4950416003271,-16.4950416003271,-6,Low
LUAD,TAM M2,TAM M2,TIDEpy,TAM M2,258,258,-0.00513745632271483,-0.00775092640165545,-0.00261347007894062,0.00027748361876289,0.00046247269793815,***,3.3349139007299,-3.3349139007299,-3.3349139007299,Low
LUAD,Tregs_quantiseq,Tregs,quanTIseq,Tregs,298,299,0.0383343344255269,0.0413434118222636,0.00300907739673666,0.0283267916986375,0.0354084896232968,*,1.45089259801618,1.45089259801618,1.45089259801618,High
LUAD,Tregs_xCell,Tregs,xCell,Tregs (xCell),298,299,0,0,0,0.289541488963819,0.289541488963819,"",0.53828919657545,0,0,NS
LUSC,Dysfunction,Dysfunction,TIDEpy,T-cell dysfunction,250,251,-0.176545741095776,-0.377800408414211,-0.201254667318435,8.56985741565935e-31,4.28492870782968e-30,****,29.3680563994243,-29.3680563994243,-6,Low
LUSC,MDSC,MDSC,TIDEpy,MDSC,250,251,0.009721934861977,0.0249233668249251,0.0152014319629481,7.0705730360201e-25,1.76764325900502e-24,****,23.7526053786207,23.7526053786207,6,High
LUSC,TAM M2,TAM M2,TIDEpy,TAM M2,250,251,-0.00905881620962633,-0.00122002225990813,0.0078387939497182,4.1491684699302e-10,6.91528078321699e-10,****,9.16019018140773,9.16019018140773,6,High
LUSC,Tregs_quantiseq,Tregs,quanTIseq,Tregs,276,275,0.0262539350508374,0.0187157857036203,-0.00753814934721714,9.49524471875595e-06,1.18690558984449e-05,****,4.92558382480298,-4.92558382480298,-4.92558382480298,Low
LUSC,Tregs_xCell,Tregs,xCell,Tregs (xCell),276,275,0,0,0,0.603102245546016,0.603102245546016,"",0.219609054506285,0,0,NS
MESO,Dysfunction,Dysfunction,TIDEpy,T-cell dysfunction,43,44,0.0450773599855789,-0.0533132681635435,-0.0983906281491224,1.51402991932873e-06,7.57014959664363e-06,****,5.1208955381545,-5.1208955381545,-5.1208955381545,Low
MESO,MDSC,MDSC,TIDEpy,MDSC,43,44,0.018636431185256,0.0368343773691611,0.0181979461839051,1.915423839333e-05,4.7885595983325e-05,****,4.3197951029885,4.3197951029885,4.3197951029885,High
MESO,Tregs_quantiseq,Tregs,quanTIseq,Tregs,43,44,0.0196976354176189,0.0265013959226762,0.00680376050505729,0.0566603586520291,0.0864085701707768,"",1.06344318120983,1.06344318120983,1.06344318120983,NS
MESO,Tregs_xCell,Tregs,xCell,Tregs (xCell),43,44,3.32757428456819e-23,0,-3.32757428456819e-23,0.0691268561366214,0.0864085701707768,"",1.06344318120983,-1.06344318120983,-1.06344318120983,NS
MESO,TAM M2,TAM M2,TIDEpy,TAM M2,43,44,-0.00916313257250862,-0.00967973617725186,-0.000516603604743241,0.808815472566648,0.808815472566648,"",0.0921505493235309,-0.0921505493235309,-0.0921505493235309,NS
OV,Tregs_quantiseq,Tregs,quanTIseq,Tregs,189,192,0.0112573553105945,0.0169700879865082,0.00571273267591363,6.74524884335546e-08,3.37262442167773e-07,****,6.47203201952075,6.47203201952075,6,High
OV,Dysfunction,Dysfunction,TIDEpy,T-cell dysfunction,189,189,-0.167699710126124,-0.209266592883686,-0.041566882757562,4.63924108717988e-07,1.15981027179497e-06,****,5.93561304926592,-5.93561304926592,-5.93561304926592,Low
OV,MDSC,MDSC,TIDEpy,MDSC,189,189,0.0415902619279182,0.0475049608502346,0.0059146989223164,1.58202266715129e-06,2.63670444525214e-06,****,5.57893854862515,5.57893854862515,5.57893854862515,High
OV,Tregs_xCell,Tregs,xCell,Tregs (xCell),189,192,2.26158230549649e-24,0,-2.26158230549649e-24,0.311617978168431,0.343095730791561,"",0.464584685922849,-0.464584685922849,-0.464584685922849,NS
OV,TAM M2,TAM M2,TIDEpy,TAM M2,189,189,-0.00396523292330661,-0.00605737753952229,-0.00209214461621568,0.343095730791561,0.343095730791561,"",0.464584685922849,-0.464584685922849,-0.464584685922849,NS
PAAD,MDSC,MDSC,TIDEpy,MDSC,89,89,0.0155078449036735,0.0215177992648413,0.0060099543611678,0.0016950776166154,0.00847538808307699,**,2.07184040657856,2.07184040657856,2.07184040657856,High
PAAD,Tregs_quantiseq,Tregs,quanTIseq,Tregs,91,92,0.0238648768527288,0.0303342456317014,0.00646936877897254,0.0135612126814961,0.0339030317037403,*,1.46976146423544,1.46976146423544,1.46976146423544,High
PAAD,TAM M2,TAM M2,TIDEpy,TAM M2,89,89,-0.00640808784942522,-0.00585347314500563,0.00055461470441959,0.0472472807034263,0.0787454678390438,"",1.10377443244802,1.10377443244802,1.10377443244802,NS
PAAD,Dysfunction,Dysfunction,TIDEpy,T-cell dysfunction,89,89,-0.0243967136838576,-0.0352109773853012,-0.0108142637014436,0.128862146965338,0.161077683706673,"",0.792964624164203,-0.792964624164203,-0.792964624164203,NS
PAAD,Tregs_xCell,Tregs,xCell,Tregs (xCell),91,92,0,0,0,0.414877927823208,0.414877927823208,"",0.382079669725306,0,0,NS
PCPG,Tregs_quantiseq,Tregs,quanTIseq,Tregs,92,95,0.0137359362384309,0.0206071595033652,0.00687122326493435,7.87760018118445e-06,3.93880009059222e-05,****,4.40463606076381,4.40463606076381,4.40463606076381,High
PCPG,Tregs_xCell,Tregs,xCell,Tregs (xCell),92,95,1.09422471285525e-23,0,-1.09422471285525e-23,0.225902011580191,0.4434577016543,"",0.353147798186694,-0.353147798186694,-0.353147798186694,NS
PCPG,MDSC,MDSC,TIDEpy,MDSC,89,90,0.0107335951294783,0.0119778954686127,0.0012443003391344,0.26607462099258,0.4434577016543,"",0.353147798186694,0.353147798186694,0.353147798186694,NS
PCPG,TAM M2,TAM M2,TIDEpy,TAM M2,89,90,0.000146765893579855,0.000186035914128953,3.9270020549098e-05,0.776282052356837,0.904700697910912,"",0.0434950746565079,0.0434950746565079,0.0434950746565079,NS
PCPG,Dysfunction,Dysfunction,TIDEpy,T-cell dysfunction,89,90,0.0277755567407403,0.0259574585854648,-0.00181809815527555,0.904700697910912,0.904700697910912,"",0.0434950746565079,-0.0434950746565079,-0.0434950746565079,NS
PRAD,Dysfunction,Dysfunction,TIDEpy,T-cell dysfunction,248,249,-0.211261044553937,-0.27696664907369,-0.065705604519753,2.27564612196907e-20,1.13782306098453e-19,****,18.9439252683562,-18.9439252683562,-6,Low
PRAD,Tregs_quantiseq,Tregs,quanTIseq,Tregs,274,279,0.00697133071704932,0.0113020838920995,0.00433075317505017,4.49049230536475e-08,1.12262307634119e-07,****,6.9497660347828,6.9497660347828,6,High
PRAD,Tregs_xCell,Tregs,xCell,Tregs (xCell),274,279,9.89323077948833e-24,0,-9.89323077948833e-24,0.00792568352207538,0.0132094725367923,*,1.8791145237128,-1.8791145237128,-1.8791145237128,Low
PRAD,MDSC,MDSC,TIDEpy,MDSC,248,249,0.0302645275658738,0.0319677075442656,0.0017031799783918,0.0479973464244951,0.0599966830306189,"",1.22187275930501,1.22187275930501,1.22187275930501,NS
PRAD,TAM M2,TAM M2,TIDEpy,TAM M2,248,249,0.0142849170046146,0.0146555400888989,0.000370623084284301,0.783667877196269,0.783667877196269,"",0.10586795474072,0.10586795474072,0.10586795474072,NS
READ,Dysfunction,Dysfunction,TIDEpy,T-cell dysfunction,83,83,-0.15330068167541,-0.234234557669129,-0.080933875993719,5.17084922303107e-10,2.58542461151553e-09,****,8.5874681213149,-8.5874681213149,-6,Low
READ,MDSC,MDSC,TIDEpy,MDSC,83,83,0.0398668547685494,0.0491077169613495,0.0092408621928001,6.42770730699987e-06,1.60692682674997e-05,****,4.79400389888211,4.79400389888211,4.79400389888211,High
READ,Tregs_xCell,Tregs,xCell,Tregs (xCell),89,87,4.63438058997226e-23,0,-4.63438058997226e-23,0.0145485877163532,0.024247646193922,*,1.61533041354032,-1.61533041354032,-1.61533041354032,Low
READ,Tregs_quantiseq,Tregs,quanTIseq,Tregs,89,87,0.015638397734654,0.0196500576047093,0.00401165987005529,0.0232325646088688,0.0290407057610861,*,1.536992833412,1.536992833412,1.536992833412,High
READ,TAM M2,TAM M2,TIDEpy,TAM M2,83,83,0.00682637569206008,0.00700062306018072,0.00017424736812064,0.430677703972499,0.430677703972499,"",0.365847610922219,0.365847610922219,0.365847610922219,NS
SARC,Dysfunction,Dysfunction,TIDEpy,T-cell dysfunction,129,130,0.0157936302090338,-0.101408656438564,-0.117202286647598,3.02528114716671e-14,1.51264057358336e-13,****,12.8202642546955,-12.8202642546955,-6,Low
SARC,MDSC,MDSC,TIDEpy,MDSC,129,130,0.0169709938616276,0.0366132105990815,0.0196422167374539,3.32902996015865e-13,8.32257490039663e-13,****,12.0797422876483,12.0797422876483,6,High
SARC,TAM M2,TAM M2,TIDEpy,TAM M2,129,130,0.00220214326258456,0.00618100133049062,0.00397885806790605,0.00693464074524647,0.0115577345754108,*,1.93712728337353,1.93712728337353,1.93712728337353,High
SARC,Tregs_xCell,Tregs,xCell,Tregs (xCell),130,135,0,6.57475704300964e-25,6.57475704300964e-25,0.14748010185137,0.184350127314213,"",0.734356558129245,0.734356558129245,0.734356558129245,NS
SARC,Tregs_quantiseq,Tregs,quanTIseq,Tregs,130,135,0.0211725145073098,0.0176984605317311,-0.00347405397557873,0.576877573351359,0.576877573351359,"",0.238916344312912,-0.238916344312912,-0.238916344312912,NS
SKCM,Dysfunction,Dysfunction,TIDEpy,T-cell dysfunction,234,235,-0.106262234844784,-0.279642259696364,-0.173380024851581,5.27898458563111e-28,2.63949229281555e-27,****,26.5784796017792,-26.5784796017792,-6,Low
SKCM,MDSC,MDSC,TIDEpy,MDSC,234,235,0.0192116237115139,0.0426271341277363,0.0234155104162224,3.12222207265235e-25,7.80555518163088e-25,****,24.1075962016671,24.1075962016671,6,High
SKCM,Tregs_quantiseq,Tregs,quanTIseq,Tregs,236,237,0.023815977725216,0.0269682273945005,0.00315224966928456,0.00159394723940616,0.0026565787323436,**,2.57567730848916,2.57567730848916,2.57567730848916,High
SKCM,TAM M2,TAM M2,TIDEpy,TAM M2,234,235,-0.0034989535048028,-0.00245081762605762,0.00104813587874518,0.0553107194327079,0.0691383992908848,"",1.16028067956919,1.16028067956919,1.16028067956919,NS
SKCM,Tregs_xCell,Tregs,xCell,Tregs (xCell),236,237,9.36215658307792e-24,1.51089642058939e-23,5.74680762281601e-24,0.594073075821063,0.594073075821063,"",0.226160129978657,0.226160129978657,0.226160129978657,NS
STAD,Dysfunction,Dysfunction,TIDEpy,T-cell dysfunction,187,188,-0.0205486075269697,-0.120043916112317,-0.0994953085853468,1.08327823020782e-13,5.41639115103908e-13,****,12.2662899801051,-12.2662899801051,-6,Low
STAD,MDSC,MDSC,TIDEpy,MDSC,187,188,0.0137050766952721,0.0272912720852541,0.013586195389982,1.00103989474732e-08,2.5025997368683e-08,****,7.6016086054337,7.6016086054337,6,High
STAD,Tregs_quantiseq,Tregs,quanTIseq,Tregs,204,198,0.0203792164752994,0.0286263274958446,0.00824711102054521,2.73767790174527e-05,4.56279650290879e-05,****,4.34076889998354,4.34076889998354,4.34076889998354,High
STAD,Tregs_xCell,Tregs,xCell,Tregs (xCell),204,198,8.42555655322892e-24,0,-8.42555655322892e-24,0.0537728400642666,0.0672160500803333,"",1.1725270122283,-1.1725270122283,-1.1725270122283,NS
STAD,TAM M2,TAM M2,TIDEpy,TAM M2,187,188,-0.00568162794364369,-0.00754608190224007,-0.00186445395859638,0.101156130644124,0.101156130644124,"",0.995007791348635,-0.995007791348635,-0.995007791348635,NS
TGCT,Dysfunction,Dysfunction,TIDEpy,T-cell dysfunction,75,75,-0.197759289442901,-0.324735076289693,-0.126975786846792,7.27019522865854e-07,3.63509761432927e-06,****,5.43948392241282,-5.43948392241282,-5.43948392241282,Low
TGCT,TAM M2,TAM M2,TIDEpy,TAM M2,75,75,0.00466536328097895,0.0122038266045341,0.00753846332355515,0.000101689611594512,0.000172124970743625,***,3.76415612055279,3.76415612055279,3.76415612055279,High
TGCT,MDSC,MDSC,TIDEpy,MDSC,75,75,0.0275599098330191,0.0496479040216954,0.0220879941886763,0.000103274982446175,0.000172124970743625,***,3.76415612055279,3.76415612055279,3.76415612055279,High
TGCT,Tregs_xCell,Tregs,xCell,Tregs (xCell),77,79,0,0,0,0.0767550862723311,0.0959438578404139,"",1.01798282281906,0,0,NS
TGCT,Tregs_quantiseq,Tregs,quanTIseq,Tregs,77,79,0.0210518683592178,0.0189956452403442,-0.00205622311887364,0.618414929267727,0.618414929267727,"",0.208720034580789,-0.208720034580789,-0.208720034580789,NS
THCA,MDSC,MDSC,TIDEpy,MDSC,252,252,0.0180252747361701,0.0203237442511719,0.0022984695150018,0.000732981494270091,0.00366490747135046,**,2.4359369856038,2.4359369856038,2.4359369856038,High
THCA,Tregs_quantiseq,Tregs,quanTIseq,Tregs,287,284,0.0113549315746843,0.0124604301228595,0.00110549854817514,0.0205459517896308,0.0513648794740769,"",1.28933372660571,1.28933372660571,1.28933372660571,NS
THCA,Dysfunction,Dysfunction,TIDEpy,T-cell dysfunction,252,252,-0.0408111724780072,-0.0507057934050705,-0.00989462092706325,0.0692049276830476,0.115341546138413,"",0.9380142312251,-0.9380142312251,-0.9380142312251,NS
THCA,Tregs_xCell,Tregs,xCell,Tregs (xCell),287,284,0,1.06214747342332e-23,1.06214747342332e-23,0.193660924361503,0.242076155451878,"",0.616047986542027,0.616047986542027,0.616047986542027,NS
THCA,TAM M2,TAM M2,TIDEpy,TAM M2,252,252,-0.000500339594228041,-0.000900283415482856,-0.000399943821254816,0.803151050949733,0.803151050949733,"",0.0952027680155638,-0.0952027680155638,-0.0952027680155638,NS
THYM,TAM M2,TAM M2,TIDEpy,TAM M2,60,60,0.0189231396611085,0.0277362466227937,0.0088131069616852,1.2862335707758e-06,6.43116785387899e-06,****,5.19171015515645,5.19171015515645,5.19171015515645,High
THYM,Dysfunction,Dysfunction,TIDEpy,T-cell dysfunction,60,60,-0.0356541679173681,-0.0595411961629647,-0.0238870282455966,0.0131389074904481,0.0328472687261203,*,1.4835007364996,-1.4835007364996,-1.4835007364996,Low
THYM,Tregs_quantiseq,Tregs,quanTIseq,Tregs,60,62,0.00698751660453371,0,-0.00698751660453371,0.0308746992729343,0.0514578321215571,"",1.288548514229,-1.288548514229,-1.288548514229,NS
THYM,MDSC,MDSC,TIDEpy,MDSC,60,60,0.0262621347979136,0.0289678767622096,0.00270574196429595,0.0977328471119487,0.122166058889936,"",0.913049436354278,0.913049436354278,0.913049436354278,NS
THYM,Tregs_xCell,Tregs,xCell,Tregs (xCell),60,62,4.83858394333006e-24,0,-4.83858394333006e-24,0.509449407863656,0.509449407863656,"",0.292898938206313,-0.292898938206313,-0.292898938206313,NS
UCEC,Dysfunction,Dysfunction,TIDEpy,T-cell dysfunction,272,273,-0.133740832959516,-0.252116615528429,-0.118375782568914,7.35274903401469e-40,3.67637451700734e-39,****,38.434580252894,-38.434580252894,-6,Low
UCEC,MDSC,MDSC,TIDEpy,MDSC,272,273,0.0342051017828988,0.0492686727227795,0.0150635709398807,5.82018461422252e-24,1.45504615355563e-23,****,22.8371232307904,22.8371232307904,6,High
UCEC,TAM M2,TAM M2,TIDEpy,TAM M2,272,273,0.00122719923799292,0.00463686797260474,0.00340966873461182,0.000802054872385563,0.00133675812064261,**,2.87394716893358,2.87394716893358,2.87394716893358,High
UCEC,Tregs_quantiseq,Tregs,quanTIseq,Tregs,280,297,0.0144743084229059,0.0157482102510056,0.00127390182809976,0.205020518887941,0.256275648609927,"",0.591292658649043,0.591292658649043,0.591292658649043,NS
UCEC,Tregs_xCell,Tregs,xCell,Tregs (xCell),280,297,3.60137094865434e-25,1.13406833882742e-23,1.09805462934088e-23,0.945261495129461,0.945261495129461,"",0.0244480325679779,0.0244480325679779,0.0244480325679779,NS
UCS,MDSC,MDSC,TIDEpy,MDSC,28,29,0.04957412178653,0.0617229740116855,0.0121488522251555,0.000382841972703168,0.00191420986351584,**,2.71801045027364,2.71801045027364,2.71801045027364,High
UCS,Dysfunction,Dysfunction,TIDEpy,T-cell dysfunction,28,29,-0.223093611904254,-0.297248687503289,-0.0741550755990355,0.00116075757348164,0.00290189393370409,**,2.53731846538169,-2.53731846538169,-2.53731846538169,Low
UCS,TAM M2,TAM M2,TIDEpy,TAM M2,28,29,0.0124284903865049,0.014256059466702,0.0018275690801971,0.119628331024065,0.199380551706775,"",0.70031720659787,0.70031720659787,0.70031720659787,NS
UCS,Tregs_quantiseq,Tregs,quanTIseq,Tregs,28,29,0.011058876148771,0.0127937559570326,0.00173487980826166,0.228140625574639,0.285175781968299,"",0.544887358918764,0.544887358918764,0.544887358918764,NS
UCS,Tregs_xCell,Tregs,xCell,Tregs (xCell),28,29,2.34658514829679e-23,0,-2.34658514829679e-23,0.484285104681096,0.484285104681096,"",0.314898888488644,-0.314898888488644,-0.314898888488644,NS
UVM,Tregs_quantiseq,Tregs,quanTIseq,Tregs,40,40,0.000969203405462811,0.00506560933493613,0.00409640592947332,5.61933065776174e-08,2.80966532888087e-07,****,6.55134540766657,6.55134540766657,6,High
UVM,Dysfunction,Dysfunction,TIDEpy,T-cell dysfunction,40,40,-0.151754937322744,-0.259007414837996,-0.107252477515252,6.37006589377463e-07,1.59251647344366e-06,****,5.79791606650365,-5.79791606650365,-5.79791606650365,Low
UVM,Tregs_xCell,Tregs,xCell,Tregs (xCell),40,40,3.34264785465994e-23,0,-3.34264785465994e-23,0.0172297094113356,0.028716182352226,*,1.54187329749265,-1.54187329749265,-1.54187329749265,Low
UVM,MDSC,MDSC,TIDEpy,MDSC,40,40,0.0378843572672445,0.0388770057694687,0.000992648502224254,0.613431372955167,0.766789216193958,"",0.115324003488798,0.115324003488798,0.115324003488798,NS
UVM,TAM M2,TAM M2,TIDEpy,TAM M2,40,40,0.0121435296042053,0.0126644763472669,0.0005209467430616,0.911886916830624,0.911886916830624,"",0.040059015225843,0.040059015225843,0.040059015225843,NS
