Cancer,Feature,N_Low,N_High,Median_Low,Median_High,Effect,P,FDR,Direction,Category,Row,EffectPlot,SigLabel
ACC,Genomic instability,39,40,-0.577132394492115,0.546748655278304,1.12388104977042,2.45461160317647e-08,2.94553392381176e-07,Higher in High,Genome maintenance,12,1.12388104977042,***
BLCA,Genomic instability,203,203,-0.457006090545184,0.566864731250111,1.02387082179529,1.63407799352892e-36,1.9608935922347e-35,Higher in High,Genome maintenance,12,1.02387082179529,***
BRCA,Genomic instability,547,548,-0.388196705353244,0.508790481362389,0.896987186715633,6.81269908619335e-62,8.17523890343201e-61,Higher in High,Genome maintenance,12,0.896987186715633,***
CESC,Genomic instability,152,152,-0.359114402213331,0.419539255100059,0.778653657313391,9.23696419902791e-16,1.10843570388335e-14,Higher in High,Genome maintenance,12,0.778653657313391,***
CHOL,Genomic instability,17,18,0.0293409555778394,-0.00367553313632515,-0.0330164887141646,0.351399290322426,0.702798580644853,Lower in High,Genome maintenance,12,-0.0330164887141646,""
COAD,Genomic instability,228,228,-0.294748445793876,0.461187148229399,0.755935594023275,2.17735177265752e-28,2.61282212718902e-27,Higher in High,Genome maintenance,12,0.755935594023275,***
DLBC,Genomic instability,24,24,-0.375615679032502,0.400850743424213,0.776466422456714,0.00042949856560221,0.00257699139361326,Higher in High,Genome maintenance,12,0.776466422456714,**
ESCA,Genomic instability,81,81,-0.54810372738053,0.587965404157289,1.13606913153782,7.82189542735001e-14,9.38627451282001e-13,Higher in High,Genome maintenance,12,1.13606913153782,***
GBM,Genomic instability,80,81,-0.427497711704154,0.554076334950794,0.981574046654948,7.34798063203103e-13,8.81757675843723e-12,Higher in High,Genome maintenance,12,0.981574046654948,***
HNSC,Genomic instability,251,251,-0.340182993002087,0.461101477149985,0.801284470152072,4.77816982682366e-31,5.7338037921884e-30,Higher in High,Genome maintenance,12,0.801284470152072,***
KICH,Genomic instability,32,33,-0.420846557485459,0.0622166878931625,0.483063245378622,0.000323721785044647,0.00388466142053576,Higher in High,Genome maintenance,12,0.483063245378622,**
KIRC,Genomic instability,266,266,-0.150006513065701,0.132914888390931,0.282921401456632,5.08748626603084e-08,2.03499450641234e-07,Higher in High,Genome maintenance,12,0.282921401456632,***
KIRP,Genomic instability,145,145,-0.505137893911189,0.208887913991973,0.714025807903162,4.90115157247901e-08,2.94069094348741e-07,Higher in High,Genome maintenance,12,0.714025807903162,***
LAML,Genomic instability,75,75,-0.21648907103234,0.332349271994989,0.548838343027329,0.000216801980333563,0.00260162376400276,Higher in High,Genome maintenance,12,0.548838343027329,**
LGG,Genomic instability,257,257,-0.516924751005822,0.382647200026813,0.899571951032635,5.09479362147989e-41,6.11375234577587e-40,Higher in High,Genome maintenance,12,0.899571951032635,***
LIHC,Genomic instability,185,186,-0.533605324236509,0.405383734895196,0.938989059131705,2.03937840634111e-25,1.22362704380467e-24,Higher in High,Genome maintenance,12,0.938989059131705,***
LUAD,Genomic instability,258,258,-0.54412437976832,0.496057406666916,1.04018178643524,2.13813672844791e-28,2.56576407413749e-27,Higher in High,Genome maintenance,12,1.04018178643524,***
LUSC,Genomic instability,250,251,-0.387151508583468,0.403078363653724,0.790229872237192,2.07036506825787e-28,2.48443808190944e-27,Higher in High,Genome maintenance,12,0.790229872237192,***
MESO,Genomic instability,43,44,-0.418386879253042,0.47819333188402,0.896580211137061,5.7638266724012e-07,6.91659200688144e-06,Higher in High,Genome maintenance,12,0.896580211137061,***
OV,Genomic instability,189,189,-0.278314590197409,0.384230413000217,0.662545003197626,5.07641112085882e-11,2.50040765647623e-10,Higher in High,Genome maintenance,12,0.662545003197626,***
PAAD,Genomic instability,89,89,-0.357787528266453,0.5328036961709,0.890591224437353,2.6225418324472e-06,3.14705019893665e-05,Higher in High,Genome maintenance,12,0.890591224437353,***
PCPG,Genomic instability,89,90,-0.337598262976505,0.189744158456637,0.527342421433142,3.02242977651179e-06,1.66630639723362e-05,Higher in High,Genome maintenance,12,0.527342421433142,***
PRAD,Genomic instability,248,249,-0.267193006474628,0.248517972953479,0.515710979428107,8.86112028542132e-16,5.31667217125279e-15,Higher in High,Genome maintenance,12,0.515710979428107,***
READ,Genomic instability,83,83,-0.377666410937365,0.467347572322942,0.845013983260307,8.67818148937091e-11,1.04138177872451e-09,Higher in High,Genome maintenance,12,0.845013983260307,***
SARC,Genomic instability,129,130,-0.524140853822313,0.61026402291865,1.13440487674096,5.61552721721318e-23,6.73863266065582e-22,Higher in High,Genome maintenance,12,1.13440487674096,***
SKCM,Genomic instability,234,235,-0.382898835187041,0.51978813952322,0.90268697471026,1.23456321201775e-30,1.4814758544213e-29,Higher in High,Genome maintenance,12,0.90268697471026,***
STAD,Genomic instability,187,188,-0.350680875891983,0.534053003103126,0.884733878995109,8.94638048976894e-22,1.07356565877227e-20,Higher in High,Genome maintenance,12,0.884733878995109,***
TGCT,Genomic instability,75,75,-0.223929753992167,0.514349459805799,0.738279213797966,1.58091628756471e-10,1.89709954507765e-09,Higher in High,Genome maintenance,12,0.738279213797966,***
THCA,Genomic instability,252,252,-0.166005558767901,0.157628699890445,0.323634258658346,4.25237130993206e-07,1.70094852397282e-06,Higher in High,Genome maintenance,12,0.323634258658346,***
THYM,Genomic instability,60,60,-0.570043655676492,0.67071492021907,1.24075857589556,1.92435394385201e-08,1.15461236631121e-07,Higher in High,Genome maintenance,12,1.24075857589556,***
UCEC,Genomic instability,272,273,-0.465129786722878,0.587074403868091,1.05220419059097,4.75565325095921e-47,5.70678390115105e-46,Higher in High,Genome maintenance,12,1.05220419059097,***
UCS,Genomic instability,28,29,-0.242212257657787,0.221056582084844,0.463268839742631,0.0445481954591608,0.106915669101986,Higher in High,Genome maintenance,12,0.463268839742631,""
UVM,Genomic instability,40,40,-0.295379234459961,0.38192816301852,0.67730739747848,1.69864424322252e-05,0.000203837309186703,Higher in High,Genome maintenance,12,0.67730739747848,***
ACC,Telomere attrition,39,40,-0.443825765587081,0.513817331796675,0.957643097383756,1.57625336124379e-07,9.45752016746274e-07,Higher in High,Genome maintenance,11,0.957643097383756,***
BLCA,Telomere attrition,203,203,-0.300890193683703,0.46368599330743,0.764576186991133,2.13102705495308e-23,1.27861623297185e-22,Higher in High,Genome maintenance,11,0.764576186991133,***
BRCA,Telomere attrition,547,548,-0.263642395349136,0.334347279302643,0.597989674651779,2.79485850834812e-28,1.67691510500887e-27,Higher in High,Genome maintenance,11,0.597989674651779,***
CESC,Telomere attrition,152,152,-0.211298044324465,0.216392462187379,0.427690506511843,3.75728428569308e-07,2.25437057141585e-06,Higher in High,Genome maintenance,11,0.427690506511843,***
CHOL,Telomere attrition,17,18,-0.0663734898756117,0.0410655514331366,0.107439041308748,0.462555598482372,0.724157877844532,Higher in High,Genome maintenance,11,0.107439041308748,""
COAD,Telomere attrition,228,228,-0.208443721895612,0.276127646719461,0.484571368615073,2.95996540492111e-12,1.77597924295267e-11,Higher in High,Genome maintenance,11,0.484571368615073,***
DLBC,Telomere attrition,24,24,-0.0842768618097694,0.314234264174411,0.39851112598418,0.0205148696492044,0.0492356871580905,Higher in High,Genome maintenance,11,0.39851112598418,*
ESCA,Telomere attrition,81,81,-0.384582554998829,0.526263651278679,0.910846206277508,6.81902677680236e-10,4.09141606608142e-09,Higher in High,Genome maintenance,11,0.910846206277508,***
GBM,Telomere attrition,80,81,-0.389567314293697,0.307997925839473,0.69756524013317,5.69249034546503e-08,3.41549420727902e-07,Higher in High,Genome maintenance,11,0.69756524013317,***
HNSC,Telomere attrition,251,251,-0.279271808212729,0.35145579607461,0.630727604287339,1.03313831395087e-17,6.19882988370521e-17,Higher in High,Genome maintenance,11,0.630727604287339,***
KICH,Telomere attrition,32,33,-0.362316035293267,0.212113889254726,0.574429924547992,0.0463186694690617,0.0926373389381233,Higher in High,Genome maintenance,11,0.574429924547992,""
KIRC,Telomere attrition,266,266,-0.0576908901071624,-0.047737959523097,0.00995293058406537,0.668753567005081,0.729549345823724,Higher in High,Genome maintenance,11,0.00995293058406537,""
KIRP,Telomere attrition,145,145,-0.256481741462252,0.244405925028262,0.500887666490514,1.41526063635877e-05,5.6610425454351e-05,Higher in High,Genome maintenance,11,0.500887666490514,***
LAML,Telomere attrition,75,75,-0.152989844131603,0.211155972377861,0.364145816509464,0.0258188530576994,0.154913118346196,Higher in High,Genome maintenance,11,0.364145816509464,""
LGG,Telomere attrition,257,257,-0.436963459362072,0.306505349956016,0.743468809318088,5.43051280725173e-30,3.25830768435104e-29,Higher in High,Genome maintenance,11,0.743468809318088,***
LIHC,Telomere attrition,185,186,-0.39611678937625,0.378843557505886,0.774960346882136,4.21982166522222e-17,1.26594649956667e-16,Higher in High,Genome maintenance,11,0.774960346882136,***
LUAD,Telomere attrition,258,258,-0.403766070734002,0.410752582330373,0.814518653064376,5.19119596161124e-19,3.11471757696674e-18,Higher in High,Genome maintenance,11,0.814518653064376,***
LUSC,Telomere attrition,250,251,-0.321933457909953,0.353333792323249,0.675267250233202,5.94547454035845e-19,1.78364236210754e-18,Higher in High,Genome maintenance,11,0.675267250233202,***
MESO,Telomere attrition,43,44,-0.411909921061725,0.297204166003298,0.709114087065023,0.000379241686303305,0.00151696674521322,Higher in High,Genome maintenance,11,0.709114087065023,**
OV,Telomere attrition,189,189,-0.0943450896746873,0.134371821438202,0.22871691111289,0.000577353532856723,0.00115470706571345,Higher in High,Genome maintenance,11,0.22871691111289,**
PAAD,Telomere attrition,89,89,-0.262331537269455,0.279448947038017,0.541780484307472,0.000723555328935214,0.00217066598680564,Higher in High,Genome maintenance,11,0.541780484307472,**
PCPG,Telomere attrition,89,90,-0.252522376451027,0.146119300700336,0.398641677151363,0.000206045535145568,0.000618136605436704,Higher in High,Genome maintenance,11,0.398641677151363,***
PRAD,Telomere attrition,248,249,-0.0637658922373596,0.0696329378735412,0.133398830110901,0.0447761403455349,0.0597015204607132,Higher in High,Genome maintenance,11,0.133398830110901,""
READ,Telomere attrition,83,83,-0.295661065830655,0.396325953423242,0.691987019253897,8.06826929963781e-06,3.22730771985512e-05,Higher in High,Genome maintenance,11,0.691987019253897,***
SARC,Telomere attrition,129,130,-0.315442844632582,0.397002947183578,0.71244579181616,1.29308881704546e-11,7.75853290227278e-11,Higher in High,Genome maintenance,11,0.71244579181616,***
SKCM,Telomere attrition,234,235,-0.192591455314638,0.287238126689098,0.479829582003735,5.96246065627264e-13,3.57747639376358e-12,Higher in High,Genome maintenance,11,0.479829582003735,***
STAD,Telomere attrition,187,188,-0.1396291269653,0.471711803278792,0.611340930244092,1.1588179068849e-12,6.95290744130938e-12,Higher in High,Genome maintenance,11,0.611340930244092,***
TGCT,Telomere attrition,75,75,0.118341179518244,0.393131737730703,0.274790558212459,0.000800027476146021,0.00192006594275045,Higher in High,Genome maintenance,11,0.274790558212459,**
THCA,Telomere attrition,252,252,-0.0883018128802959,0.0547312811529242,0.14303309403322,0.00297654577116974,0.00446481865675461,Higher in High,Genome maintenance,11,0.14303309403322,**
THYM,Telomere attrition,60,60,-0.43974854129594,0.57629797667596,1.0160465179719,4.48777410704282e-05,0.000179510964281713,Higher in High,Genome maintenance,11,1.0160465179719,***
UCEC,Telomere attrition,272,273,-0.35928125591351,0.433846335476754,0.793127591390265,7.21891970124433e-28,4.3313518207466e-27,Higher in High,Genome maintenance,11,0.793127591390265,***
UCS,Telomere attrition,28,29,-0.0512754513884513,-0.0171533500962654,0.0341221012921859,0.404912664303496,0.441722906512904,Higher in High,Genome maintenance,11,0.0341221012921859,""
UVM,Telomere attrition,40,40,-0.0642444170224966,-0.0323466650367936,0.031897751985703,0.615273293889038,0.738327952666846,Higher in High,Genome maintenance,11,0.031897751985703,""
ACC,Epigenetic alterations,39,40,-0.731111502232062,0.309608250844008,1.04071975307607,1.94215605994993e-05,7.76862423979974e-05,Higher in High,Genome maintenance,10,1.04071975307607,***
BLCA,Epigenetic alterations,203,203,-0.173281636312964,0.196402476304607,0.369684112617571,2.10086685138377e-07,4.20173370276754e-07,Higher in High,Genome maintenance,10,0.369684112617571,***
BRCA,Epigenetic alterations,547,548,-0.159044150130284,0.0837453958139249,0.242789545944209,3.29666989488341e-05,6.59333978976683e-05,Higher in High,Genome maintenance,10,0.242789545944209,***
CESC,Epigenetic alterations,152,152,-0.0402539591380695,0.11536410320968,0.155618062347749,0.132590093626184,0.144643738501292,Higher in High,Genome maintenance,10,0.155618062347749,""
CHOL,Epigenetic alterations,17,18,-0.178159311338499,0.110668738564616,0.288828049903115,0.482771918563021,0.724157877844532,Higher in High,Genome maintenance,10,0.288828049903115,""
COAD,Epigenetic alterations,228,228,-0.230515119498733,0.131488321419247,0.36200344091798,0.000973450584530537,0.00233628140287329,Higher in High,Genome maintenance,10,0.36200344091798,**
DLBC,Epigenetic alterations,24,24,-0.11808081783269,0.147920038073664,0.266000855906353,0.340867860214887,0.409041432257864,Higher in High,Genome maintenance,10,0.266000855906353,""
ESCA,Epigenetic alterations,81,81,-0.256676011272465,0.223207386386136,0.4798833976586,0.00227611506120421,0.0054626761468901,Higher in High,Genome maintenance,10,0.4798833976586,**
GBM,Epigenetic alterations,80,81,-0.26290614544809,0.244974219370734,0.507880364818824,0.000299209803889964,0.000598419607779927,Higher in High,Genome maintenance,10,0.507880364818824,***
HNSC,Epigenetic alterations,251,251,-0.0595798722584057,0.112783211316513,0.172363083574919,0.00309581500770861,0.00530711144178618,Higher in High,Genome maintenance,10,0.172363083574919,**
KICH,Epigenetic alterations,32,33,-0.195857571364642,-0.0176822383111472,0.178175333053495,0.193050967329491,0.289576450994236,Higher in High,Genome maintenance,10,0.178175333053495,""
KIRC,Epigenetic alterations,266,266,-0.0335769417432173,-0.118143709082851,-0.0845667673396333,0.298389760686229,0.358067712823475,Lower in High,Genome maintenance,10,-0.0845667673396333,""
KIRP,Epigenetic alterations,145,145,-0.287113249658378,0.00536939512379726,0.292482644782175,0.146030715015544,0.159306234562412,Higher in High,Genome maintenance,10,0.292482644782175,""
LAML,Epigenetic alterations,75,75,0.0505358816766389,0.0324368581090492,-0.0180990235675897,0.95803293607954,0.95803293607954,Lower in High,Genome maintenance,10,-0.0180990235675897,""
LGG,Epigenetic alterations,257,257,-0.419488209633975,0.351220736303506,0.770708945937481,7.4995355847631e-20,1.79988854034314e-19,Higher in High,Genome maintenance,10,0.770708945937481,***
LIHC,Epigenetic alterations,185,186,-0.308793896809378,0.321080323838581,0.62987422064796,4.68865428216418e-06,1.1252770277194e-05,Higher in High,Genome maintenance,10,0.62987422064796,***
LUAD,Epigenetic alterations,258,258,-0.254298984394613,0.252095115710906,0.50639410010552,1.01136692306031e-08,3.03410076918093e-08,Higher in High,Genome maintenance,10,0.50639410010552,***
LUSC,Epigenetic alterations,250,251,-0.111155843422192,0.177740968150078,0.288896811572269,0.00162281151336463,0.00278196259433937,Higher in High,Genome maintenance,10,0.288896811572269,**
MESO,Epigenetic alterations,43,44,-0.2565223363607,0.0927622963054968,0.349284632666197,0.13904940452539,0.166859285430468,Higher in High,Genome maintenance,10,0.349284632666197,""
OV,Epigenetic alterations,189,189,0.0789818769870231,-0.103317999523929,-0.182299876510952,0.0754849381058993,0.0823472052064356,Lower in High,Genome maintenance,10,-0.182299876510952,""
PAAD,Epigenetic alterations,89,89,-0.241629266301367,0.325831218107823,0.56746048440919,0.00416265222149354,0.00999036533158449,Higher in High,Genome maintenance,10,0.56746048440919,**
PCPG,Epigenetic alterations,89,90,-0.107645338754271,0.16096611891587,0.268611457670141,0.205853384804875,0.411706769609751,Higher in High,Genome maintenance,10,0.268611457670141,""
PRAD,Epigenetic alterations,248,249,-0.168123726415885,0.143408979042472,0.311532705458357,0.000989233647624176,0.00197846729524835,Higher in High,Genome maintenance,10,0.311532705458357,**
READ,Epigenetic alterations,83,83,-0.3495050891815,0.255275581287001,0.604780670468502,0.0165572875358255,0.0496718626074766,Higher in High,Genome maintenance,10,0.604780670468502,*
SARC,Epigenetic alterations,129,130,-0.283386699494991,0.270499152006639,0.55388585150163,1.9029472079507e-05,4.31795063094747e-05,Higher in High,Genome maintenance,10,0.55388585150163,***
SKCM,Epigenetic alterations,234,235,-0.0712839723803343,0.187738278718243,0.259022251098577,0.0100142261968535,0.0150213392952802,Higher in High,Genome maintenance,10,0.259022251098577,*
STAD,Epigenetic alterations,187,188,-0.0272610937105542,0.178710947622484,0.205972041333039,0.022577948786847,0.045155897573694,Higher in High,Genome maintenance,10,0.205972041333039,*
TGCT,Epigenetic alterations,75,75,-0.0561492552743507,0.444923675205415,0.501072930479765,0.0110567522195804,0.0165851283293707,Higher in High,Genome maintenance,10,0.501072930479765,*
THCA,Epigenetic alterations,252,252,-0.258715079629424,0.198113719636576,0.456828799266,5.40662922193288e-06,1.16605381533509e-05,Higher in High,Genome maintenance,10,0.456828799266,***
THYM,Epigenetic alterations,60,60,-0.217055705114717,0.485915647844049,0.702971352958766,0.00433583648858611,0.0104060075726067,Higher in High,Genome maintenance,10,0.702971352958766,*
UCEC,Epigenetic alterations,272,273,-0.135299252102598,0.135302721858833,0.270601973961431,0.0026941580349619,0.00404123705244285,Higher in High,Genome maintenance,10,0.270601973961431,**
UCS,Epigenetic alterations,28,29,0.121208244550508,-0.123637434461972,-0.24484567901248,0.223923640231252,0.298564853641669,Lower in High,Genome maintenance,10,-0.24484567901248,""
UVM,Epigenetic alterations,40,40,0.232128666933674,0.116543083485221,-0.115585583448453,0.741275357210273,0.741275357210273,Lower in High,Genome maintenance,10,-0.115585583448453,""
ACC,Loss of proteostasis,39,40,-0.178733326194846,-0.00634428776239551,0.172389038432451,0.137997044194332,0.206995566291498,Higher in High,Proteostasis / metabolism,9,0.172389038432451,""
BLCA,Loss of proteostasis,203,203,-0.236550245422012,0.282674513220407,0.51922475864242,1.49822727930099e-07,3.59574547032236e-07,Higher in High,Proteostasis / metabolism,9,0.51922475864242,***
BRCA,Loss of proteostasis,547,548,0.133030481253912,0.0623664791362921,-0.0706640021176196,0.0180213202410751,0.0216255842892902,Lower in High,Proteostasis / metabolism,9,-0.0706640021176196,*
CESC,Loss of proteostasis,152,152,0.0524753208314759,-0.0567116975066494,-0.109187018338125,0.178281239387428,0.178281239387428,Lower in High,Proteostasis / metabolism,9,-0.109187018338125,""
CHOL,Loss of proteostasis,17,18,0.27024896817642,-0.444812241006225,-0.715061209182645,0.0139088024395625,0.0834528146373752,Lower in High,Proteostasis / metabolism,9,-0.715061209182645,""
COAD,Loss of proteostasis,228,228,0.0842152039476468,-0.0555584002285642,-0.139773604176211,0.0480570320338097,0.0823834834865309,Lower in High,Proteostasis / metabolism,9,-0.139773604176211,""
DLBC,Loss of proteostasis,24,24,0.0745804245132712,0.193189658872413,0.118609234359141,0.291171026407298,0.388228035209731,Higher in High,Proteostasis / metabolism,9,0.118609234359141,""
ESCA,Loss of proteostasis,81,81,-0.159148029825047,0.153380116148392,0.31252814597344,0.0406880943970459,0.0610321415955689,Higher in High,Proteostasis / metabolism,9,0.31252814597344,""
GBM,Loss of proteostasis,80,81,0.0362754261637956,-0.115476018284471,-0.151751444448267,0.0188691054440411,0.0251588072587215,Lower in High,Proteostasis / metabolism,9,-0.151751444448267,*
HNSC,Loss of proteostasis,251,251,0.184584330677722,-0.154232787291801,-0.338817117969523,0.000267591619773832,0.000642219887457196,Lower in High,Proteostasis / metabolism,9,-0.338817117969523,***
KICH,Loss of proteostasis,32,33,-0.0430227266120031,-0.0548754630957446,-0.0118527364837416,0.579461962134773,0.632140322328844,Lower in High,Proteostasis / metabolism,9,-0.0118527364837416,""
KIRC,Loss of proteostasis,266,266,0.227159808010243,-0.195179261812304,-0.422339069822547,7.77842595173743e-10,4.66705557104246e-09,Lower in High,Proteostasis / metabolism,9,-0.422339069822547,***
KIRP,Loss of proteostasis,145,145,0.305628506792778,-0.140420174027502,-0.44604868082028,4.43066355471824e-05,0.000132919906641547,Lower in High,Proteostasis / metabolism,9,-0.44604868082028,***
LAML,Loss of proteostasis,75,75,0.0240883440192874,0.0111388630568985,-0.0129494809623889,0.482129218070831,0.642838957427775,Lower in High,Proteostasis / metabolism,9,-0.0129494809623889,""
LGG,Loss of proteostasis,257,257,0.0505640336558086,-0.218989548788927,-0.269553582444736,0.00309148077041696,0.00370977692450035,Lower in High,Proteostasis / metabolism,9,-0.269553582444736,**
LIHC,Loss of proteostasis,185,186,-0.0444080969404709,-0.0415141893052349,0.002893907635236,0.888732141901834,0.888732141901834,Higher in High,Proteostasis / metabolism,9,0.002893907635236,""
LUAD,Loss of proteostasis,258,258,-0.0549103578852597,0.212452917782555,0.267363275667815,0.000441717474743737,0.000757229956703549,Higher in High,Proteostasis / metabolism,9,0.267363275667815,***
LUSC,Loss of proteostasis,250,251,0.0608299146889977,0.0410912239778518,-0.0197386907111459,0.71505256416491,0.71505256416491,Lower in High,Proteostasis / metabolism,9,-0.0197386907111459,""
MESO,Loss of proteostasis,43,44,-0.254822518178453,0.221448001278504,0.476270519456957,0.0752250507127531,0.100300067617004,Higher in High,Proteostasis / metabolism,9,0.476270519456957,""
OV,Loss of proteostasis,189,189,0.0322427770636641,-0.0238108038773744,-0.0560535809410386,0.0593251118903491,0.0711901342684189,Lower in High,Proteostasis / metabolism,9,-0.0560535809410386,""
PAAD,Loss of proteostasis,89,89,-0.0275399776696833,-0.215730200095707,-0.188190222426023,0.134070958302692,0.21471788073127,Lower in High,Proteostasis / metabolism,9,-0.188190222426023,""
PCPG,Loss of proteostasis,89,90,0.161344966485433,-0.0502131469715743,-0.211558113457007,0.0165773518653631,0.0397856444768714,Lower in High,Proteostasis / metabolism,9,-0.211558113457007,*
PRAD,Loss of proteostasis,248,249,0.251046927084836,-0.169121272974872,-0.420168200059708,1.00587475434655e-13,4.02349901738622e-13,Lower in High,Proteostasis / metabolism,9,-0.420168200059708,***
READ,Loss of proteostasis,83,83,-0.0552816714574444,0.04296103795362,0.0982427094110644,0.305931496575975,0.458897244863962,Higher in High,Proteostasis / metabolism,9,0.0982427094110644,""
SARC,Loss of proteostasis,129,130,0.153056432257488,-0.0945421128327944,-0.247598545090283,0.0197177238982178,0.0262902985309571,Lower in High,Proteostasis / metabolism,9,-0.247598545090283,*
SKCM,Loss of proteostasis,234,235,0.0676488515024589,-0.0637855764253925,-0.131434427927851,0.0778814022522841,0.0934576827027409,Lower in High,Proteostasis / metabolism,9,-0.131434427927851,""
STAD,Loss of proteostasis,187,188,0.0218531150578088,0.104325747005214,0.0824726319474055,0.632097469229446,0.632097469229446,Higher in High,Proteostasis / metabolism,9,0.0824726319474055,""
TGCT,Loss of proteostasis,75,75,0.108517973623116,0.0650887893354889,-0.0434291842876269,0.214834800122716,0.257801760147259,Lower in High,Proteostasis / metabolism,9,-0.0434291842876269,""
THCA,Loss of proteostasis,252,252,0.27486887761817,-0.349005571726766,-0.623874449344936,1.38818256456538e-21,1.66581907747846e-20,Lower in High,Proteostasis / metabolism,9,-0.623874449344936,***
THYM,Loss of proteostasis,60,60,-0.0890463532020209,0.341912457113367,0.430958810315388,0.0627946847301823,0.0964389412906828,Higher in High,Proteostasis / metabolism,9,0.430958810315388,""
UCEC,Loss of proteostasis,272,273,0.0252203283234723,0.067694583029058,0.0424742547055857,0.2632202147252,0.287149325154764,Higher in High,Proteostasis / metabolism,9,0.0424742547055857,""
UCS,Loss of proteostasis,28,29,0.185361608154006,-0.326504498386813,-0.511866106540819,0.0185374177410909,0.0741496709643636,Lower in High,Proteostasis / metabolism,9,-0.511866106540819,""
UVM,Loss of proteostasis,40,40,-0.0675345540481452,0.0968450382240703,0.164379592272216,0.446364899961439,0.669547349942159,Higher in High,Proteostasis / metabolism,9,0.164379592272216,""
ACC,Disabled macroautophagy,39,40,0.0444336661968813,0.19881644774469,0.154382781547809,0.316708310412783,0.422277747217044,Higher in High,Proteostasis / metabolism,8,0.154382781547809,""
BLCA,Disabled macroautophagy,203,203,-0.226907319789684,0.254751716868856,0.48165903665854,2.63580000039536e-08,7.90740000118609e-08,Higher in High,Proteostasis / metabolism,8,0.48165903665854,***
BRCA,Disabled macroautophagy,547,548,-0.0305024791029909,0.133373184345322,0.163875663448312,6.65360635189238e-05,0.000114061823175298,Higher in High,Proteostasis / metabolism,8,0.163875663448312,***
CESC,Disabled macroautophagy,152,152,-0.169388924140095,0.181038049909646,0.350426974049741,0.00064840959975654,0.00129681919951308,Higher in High,Proteostasis / metabolism,8,0.350426974049741,**
CHOL,Disabled macroautophagy,17,18,0.193454703405641,-0.100970018509925,-0.294424721915566,0.272656819122025,0.654376365892859,Lower in High,Proteostasis / metabolism,8,-0.294424721915566,""
COAD,Disabled macroautophagy,228,228,0.176241978283206,-0.0226701008076604,-0.198912079090866,0.0070755347522418,0.0141510695044836,Lower in High,Proteostasis / metabolism,8,-0.198912079090866,*
DLBC,Disabled macroautophagy,24,24,-0.023973748432527,0.397152804524648,0.421126552957175,0.0355081424433434,0.0710162848866868,Higher in High,Proteostasis / metabolism,8,0.421126552957175,""
ESCA,Disabled macroautophagy,81,81,-0.00725519194656499,0.19157477842782,0.198829970374385,0.376516592114179,0.502022122818905,Higher in High,Proteostasis / metabolism,8,0.198829970374385,""
GBM,Disabled macroautophagy,80,81,0.201841407776967,-0.0186288511139556,-0.220470258890923,0.242751633177409,0.264819963466264,Lower in High,Proteostasis / metabolism,8,-0.220470258890923,""
HNSC,Disabled macroautophagy,251,251,0.181906188863491,0.0192404000569932,-0.162665788806498,0.00838342768563518,0.0111779035808469,Lower in High,Proteostasis / metabolism,8,-0.162665788806498,*
KICH,Disabled macroautophagy,32,33,-0.0729860177412208,0.0554771048686729,0.128463122609894,0.779326518033962,0.779326518033962,Higher in High,Proteostasis / metabolism,8,0.128463122609894,""
KIRC,Disabled macroautophagy,266,266,0.138663738533049,-0.00148285026167045,-0.140146588794719,0.0801050176071504,0.123404216086936,Lower in High,Proteostasis / metabolism,8,-0.140146588794719,""
KIRP,Disabled macroautophagy,145,145,0.256734987985616,-0.023501704061053,-0.280236692046669,0.0452113481683568,0.0678170222525353,Lower in High,Proteostasis / metabolism,8,-0.280236692046669,""
LAML,Disabled macroautophagy,75,75,0.0839654619669898,-0.088301400397999,-0.172266862364989,0.296057009236243,0.592114018472487,Lower in High,Proteostasis / metabolism,8,-0.172266862364989,""
LGG,Disabled macroautophagy,257,257,0.307554973241573,-0.259409998663091,-0.566964971904664,1.56432367612949e-12,3.12864735225898e-12,Lower in High,Proteostasis / metabolism,8,-0.566964971904664,***
LIHC,Disabled macroautophagy,185,186,-0.129038294606945,0.235397811416336,0.364436106023281,5.41346827703096e-05,0.000108269365540619,Higher in High,Proteostasis / metabolism,8,0.364436106023281,***
LUAD,Disabled macroautophagy,258,258,-0.0307758542961629,0.200332682224393,0.231108536520556,0.000157861885788156,0.000378868525891575,Higher in High,Proteostasis / metabolism,8,0.231108536520556,***
LUSC,Disabled macroautophagy,250,251,0.0057321076560102,0.108332123332124,0.102600015676114,0.230316205850547,0.251254042746051,Higher in High,Proteostasis / metabolism,8,0.102600015676114,""
MESO,Disabled macroautophagy,43,44,-0.0897099928635095,0.21165484284867,0.30136483571218,0.0067772379802531,0.0116181222518625,Higher in High,Proteostasis / metabolism,8,0.30136483571218,*
OV,Disabled macroautophagy,189,189,-0.311340386065354,0.328794599976261,0.640134986041615,6.25101914119058e-11,2.50040765647623e-10,Higher in High,Proteostasis / metabolism,8,0.640134986041615,***
PAAD,Disabled macroautophagy,89,89,0.148450550549878,-0.000360743812166192,-0.148811294362044,0.143377277974063,0.21471788073127,Lower in High,Proteostasis / metabolism,8,-0.148811294362044,""
PCPG,Disabled macroautophagy,89,90,-0.201668018722318,0.338917329592345,0.540585348314663,4.16576599308405e-06,1.66630639723362e-05,Higher in High,Proteostasis / metabolism,8,0.540585348314663,***
PRAD,Disabled macroautophagy,248,249,0.101944956409404,0.121590895841848,0.0196459394324446,0.358971078361781,0.391604812758306,Higher in High,Proteostasis / metabolism,8,0.0196459394324446,""
READ,Disabled macroautophagy,83,83,-0.21610183746004,0.0437083179907315,0.259810155450771,0.0480935936782889,0.115424624827893,Higher in High,Proteostasis / metabolism,8,0.259810155450771,""
SARC,Disabled macroautophagy,129,130,0.150195712963016,0.0389983393525684,-0.111197373610447,0.99536720499932,0.99536720499932,Lower in High,Proteostasis / metabolism,8,-0.111197373610447,""
SKCM,Disabled macroautophagy,234,235,0.0355470697062487,0.0359830877281774,0.000436018021928726,0.842554492073474,0.842554492073474,Higher in High,Proteostasis / metabolism,8,0.000436018021928726,""
STAD,Disabled macroautophagy,187,188,0.0248052842523458,0.172584107214508,0.147778822962163,0.415554072151083,0.554072096201443,Higher in High,Proteostasis / metabolism,8,0.147778822962163,""
TGCT,Disabled macroautophagy,75,75,-0.269844926635788,0.331990506288986,0.601835432924774,3.98600132741148e-05,0.000159440053096459,Higher in High,Proteostasis / metabolism,8,0.601835432924774,***
THCA,Disabled macroautophagy,252,252,0.0781573169454631,0.0962105056728435,0.0180531887273805,0.596080546483722,0.650269687073151,Higher in High,Proteostasis / metabolism,8,0.0180531887273805,""
THYM,Disabled macroautophagy,60,60,-0.0242542876364541,0.258556987653451,0.282811275289905,0.0393898676082896,0.0787797352165792,Higher in High,Proteostasis / metabolism,8,0.282811275289905,""
UCEC,Disabled macroautophagy,272,273,-0.0568916718809058,0.291262367036026,0.348154038916931,1.11935253103981e-06,2.68644607449554e-06,Higher in High,Proteostasis / metabolism,8,0.348154038916931,***
UCS,Disabled macroautophagy,28,29,-0.441821396518406,0.347960140151238,0.789781536669644,0.0251600190758124,0.0754800572274372,Higher in High,Proteostasis / metabolism,8,0.789781536669644,""
UVM,Disabled macroautophagy,40,40,0.164625862402444,-0.226711318895827,-0.391337181298271,0.221189300684198,0.438369677744041,Lower in High,Proteostasis / metabolism,8,-0.391337181298271,""
ACC,Deregulated nutrient sensing,39,40,0.280544981641058,-0.140890862799279,-0.421435844440337,0.0466620386437453,0.0799920662464204,Lower in High,Proteostasis / metabolism,7,-0.421435844440337,""
BLCA,Deregulated nutrient sensing,203,203,0.0411633189394169,0.179377351668341,0.138214032728924,0.244121721868043,0.325495629157391,Higher in High,Proteostasis / metabolism,7,0.138214032728924,""
BRCA,Deregulated nutrient sensing,547,548,0.079426948909609,0.0854511997416045,0.00602425083199545,0.446923652755311,0.487553075733066,Higher in High,Proteostasis / metabolism,7,0.00602425083199545,""
CESC,Deregulated nutrient sensing,152,152,-0.0547400797868438,0.213585773425629,0.268325853212473,0.0157426412407661,0.0236139618611492,Higher in High,Proteostasis / metabolism,7,0.268325853212473,*
CHOL,Deregulated nutrient sensing,17,18,0.257685922758585,-0.0222214357613139,-0.279907358519899,0.832280522803886,0.857791085054126,Lower in High,Proteostasis / metabolism,7,-0.279907358519899,""
COAD,Deregulated nutrient sensing,228,228,0.114920063521423,0.111850475620627,-0.00306958790079645,0.365035980102558,0.486714640136745,Lower in High,Proteostasis / metabolism,7,-0.00306958790079645,""
DLBC,Deregulated nutrient sensing,24,24,-0.321254358287739,0.62423719612038,0.945491554408118,0.00148898952399257,0.0044669685719777,Higher in High,Proteostasis / metabolism,7,0.945491554408118,**
ESCA,Deregulated nutrient sensing,81,81,0.128680708276041,0.121439890654209,-0.00724081762183161,0.636702604584311,0.6803257267334,Lower in High,Proteostasis / metabolism,7,-0.00724081762183161,""
GBM,Deregulated nutrient sensing,80,81,0.172753628504791,-0.0312381313975809,-0.203991759902372,0.59671732584529,0.59671732584529,Lower in High,Proteostasis / metabolism,7,-0.203991759902372,""
HNSC,Deregulated nutrient sensing,251,251,0.137833802822737,0.0218422833175344,-0.115991519505203,0.0246987010808958,0.029638441297075,Lower in High,Proteostasis / metabolism,7,-0.115991519505203,*
KICH,Deregulated nutrient sensing,32,33,-0.253251924752524,0.247369456854349,0.500621381606873,0.024567294103546,0.0790265039981857,Higher in High,Proteostasis / metabolism,7,0.500621381606873,""
KIRC,Deregulated nutrient sensing,266,266,0.0424270759718301,0.21314781467479,0.17072073870296,0.000297156791615356,0.000713176299876855,Higher in High,Proteostasis / metabolism,7,0.17072073870296,***
KIRP,Deregulated nutrient sensing,145,145,0.140174759168198,-0.0762204479771089,-0.216395207145307,0.119391931843446,0.143270318212135,Lower in High,Proteostasis / metabolism,7,-0.216395207145307,""
LAML,Deregulated nutrient sensing,75,75,0.101696927843659,0.0255826766006169,-0.0761142512430417,0.447695226456182,0.642838957427775,Lower in High,Proteostasis / metabolism,7,-0.0761142512430417,""
LGG,Deregulated nutrient sensing,257,257,0.107168231618933,0.0671119151905243,-0.040056316428409,0.299161053228521,0.299161053228521,Lower in High,Proteostasis / metabolism,7,-0.040056316428409,""
LIHC,Deregulated nutrient sensing,185,186,0.137142315994653,-0.0261520182129038,-0.163294334207557,0.0745881767476204,0.0994509023301605,Lower in High,Proteostasis / metabolism,7,-0.163294334207557,""
LUAD,Deregulated nutrient sensing,258,258,0.0850860736313768,-0.0510359368106721,-0.136122010442049,0.00652475285914094,0.00978712928871141,Lower in High,Proteostasis / metabolism,7,-0.136122010442049,**
LUSC,Deregulated nutrient sensing,250,251,0.309161999274359,-0.100831124363312,-0.40999312363767,7.17769999710994e-07,1.43553999942199e-06,Lower in High,Proteostasis / metabolism,7,-0.40999312363767,***
MESO,Deregulated nutrient sensing,43,44,-0.239513049676637,0.388676683082277,0.628189732758914,0.00404115534496654,0.00808231068993309,Higher in High,Proteostasis / metabolism,7,0.628189732758914,**
OV,Deregulated nutrient sensing,189,189,-0.21554557071889,0.339326432314838,0.554872003033728,2.15644948785845e-08,6.46934846357536e-08,Higher in High,Proteostasis / metabolism,7,0.554872003033728,***
PAAD,Deregulated nutrient sensing,89,89,-0.0424752106379501,0.15154410744517,0.194019318083121,0.795697652268783,0.795697652268783,Higher in High,Proteostasis / metabolism,7,0.194019318083121,""
PCPG,Deregulated nutrient sensing,89,90,-0.0771527284009234,-0.00376773417065875,0.0733849942302646,0.301017365055309,0.451526047582963,Higher in High,Proteostasis / metabolism,7,0.0733849942302646,""
PRAD,Deregulated nutrient sensing,248,249,-0.0624172106268689,0.222560438273103,0.284977648899972,0.000212767409944491,0.000510641783866778,Higher in High,Proteostasis / metabolism,7,0.284977648899972,***
READ,Deregulated nutrient sensing,83,83,0.11372671624227,0.0408736182361178,-0.0728530980061522,0.828686901873055,0.904022074770605,Lower in High,Proteostasis / metabolism,7,-0.0728530980061522,""
SARC,Deregulated nutrient sensing,129,130,0.208670186662092,-0.0205968594367859,-0.229267046098878,0.311949610059613,0.374339532071535,Lower in High,Proteostasis / metabolism,7,-0.229267046098878,""
SKCM,Deregulated nutrient sensing,234,235,0.229437684548921,-0.127072547071986,-0.356510231620907,3.54871105572754e-05,7.09742211145508e-05,Lower in High,Proteostasis / metabolism,7,-0.356510231620907,***
STAD,Deregulated nutrient sensing,187,188,0.0744604860223725,-0.0231179239111693,-0.0975784099335417,0.496621402333331,0.591621501012882,Lower in High,Proteostasis / metabolism,7,-0.0975784099335417,""
TGCT,Deregulated nutrient sensing,75,75,0.0501316082421997,-0.419865712867602,-0.469997321109802,0.127937736549054,0.170583648732072,Lower in High,Proteostasis / metabolism,7,-0.469997321109802,""
THCA,Deregulated nutrient sensing,252,252,-0.186659846523868,0.238526690995122,0.425186537518991,5.83026907667546e-06,1.16605381533509e-05,Higher in High,Proteostasis / metabolism,7,0.425186537518991,***
THYM,Deregulated nutrient sensing,60,60,-0.0675255752383147,-0.10018042827133,-0.0326548530330149,0.981156616558046,0.981156616558046,Lower in High,Proteostasis / metabolism,7,-0.0326548530330149,""
UCEC,Deregulated nutrient sensing,272,273,-0.0267599591739547,0.158653083084058,0.185413042258013,0.00818619101948052,0.0109149213593074,Higher in High,Proteostasis / metabolism,7,0.185413042258013,*
UCS,Deregulated nutrient sensing,28,29,0.0205168366958138,0.317013063664312,0.296496226968499,0.0923206972433526,0.184641394486705,Higher in High,Proteostasis / metabolism,7,0.296496226968499,""
UVM,Deregulated nutrient sensing,40,40,0.501561710441769,-0.398238481988147,-0.899800192429916,0.000873926744375076,0.00262178023312523,Lower in High,Proteostasis / metabolism,7,-0.899800192429916,**
ACC,Mitochondrial dysfunction,39,40,0.141369294697239,-0.244834621721139,-0.386203916418378,0.00362704838268545,0.00870491611844508,Lower in High,Proteostasis / metabolism,6,-0.386203916418378,**
BLCA,Mitochondrial dysfunction,203,203,0.273539325188151,-0.166314602006278,-0.439853927194429,1.14234613695966e-05,1.95830766335942e-05,Lower in High,Proteostasis / metabolism,6,-0.439853927194429,***
BRCA,Mitochondrial dysfunction,547,548,0.188258641690204,-0.126507431586863,-0.314766073277067,7.54815136822547e-13,3.01926054729019e-12,Lower in High,Proteostasis / metabolism,6,-0.314766073277067,***
CESC,Mitochondrial dysfunction,152,152,0.184048172345583,-0.313458802926217,-0.4975069752718,4.4291524350661e-05,0.000132874573051983,Lower in High,Proteostasis / metabolism,6,-0.4975069752718,***
CHOL,Mitochondrial dysfunction,17,18,0.791940684012668,-0.673774242677464,-1.46571492669013,0.00161751329481556,0.0194101595377867,Lower in High,Proteostasis / metabolism,6,-1.46571492669013,*
COAD,Mitochondrial dysfunction,228,228,0.305423572113293,-0.133490861156977,-0.438914433270271,0.000138676067553988,0.000416028202661964,Lower in High,Proteostasis / metabolism,6,-0.438914433270271,***
DLBC,Mitochondrial dysfunction,24,24,0.631174355359194,-0.664192503564179,-1.29536685892337,0.000329015259622542,0.00257699139361326,Lower in High,Proteostasis / metabolism,6,-1.29536685892337,**
ESCA,Mitochondrial dysfunction,81,81,-0.111974142634714,-0.0947973953160334,0.017176747318681,0.6803257267334,0.6803257267334,Higher in High,Proteostasis / metabolism,6,0.017176747318681,""
GBM,Mitochondrial dysfunction,80,81,0.252042604527072,-0.370236685897893,-0.622279290424965,9.24208054812364e-06,2.21809933154967e-05,Lower in High,Proteostasis / metabolism,6,-0.622279290424965,***
HNSC,Mitochondrial dysfunction,251,251,0.0604205159530884,-0.158946244470747,-0.219366760423835,0.00613978683800404,0.00920968025700606,Lower in High,Proteostasis / metabolism,6,-0.219366760423835,**
KICH,Mitochondrial dysfunction,32,33,0.253896310162883,-0.23196694324781,-0.485863253410692,0.0263421679993952,0.0790265039981857,Lower in High,Proteostasis / metabolism,6,-0.485863253410692,""
KIRC,Mitochondrial dysfunction,266,266,0.361476074261979,-0.412952379367249,-0.774428453629227,1.51782646142278e-23,1.82139175370733e-22,Lower in High,Proteostasis / metabolism,6,-0.774428453629227,***
KIRP,Mitochondrial dysfunction,145,145,0.613100637568675,-0.385602955166851,-0.998703592735526,4.71588637959292e-20,5.65906365551151e-19,Lower in High,Proteostasis / metabolism,6,-0.998703592735526,***
LAML,Mitochondrial dysfunction,75,75,0.0797894783551002,-0.145132575933195,-0.224922054288295,0.203924373442796,0.489418496262709,Lower in High,Proteostasis / metabolism,6,-0.224922054288295,""
LGG,Mitochondrial dysfunction,257,257,0.411753539956646,-0.48464655090242,-0.896400090859067,6.85385427356076e-28,2.7415417094243e-27,Lower in High,Proteostasis / metabolism,6,-0.896400090859067,***
LIHC,Mitochondrial dysfunction,185,186,0.579213717676959,-0.473530071004332,-1.05274378868129,3.46814027916332e-32,4.16176833499599e-31,Lower in High,Proteostasis / metabolism,6,-1.05274378868129,***
LUAD,Mitochondrial dysfunction,258,258,0.0798039509933408,-0.120219111995599,-0.20002306298894,0.00040043178683266,0.000757229956703549,Lower in High,Proteostasis / metabolism,6,-0.20002306298894,***
LUSC,Mitochondrial dysfunction,250,251,-0.105367566974257,0.100026236003331,0.205393802977589,0.193973001391819,0.232767601670182,Higher in High,Proteostasis / metabolism,6,0.205393802977589,""
MESO,Mitochondrial dysfunction,43,44,0.357094837719959,-0.280696604517954,-0.637791442237913,6.52574281020807e-05,0.000391544568612484,Lower in High,Proteostasis / metabolism,6,-0.637791442237913,***
OV,Mitochondrial dysfunction,189,189,0.454502210324647,-0.466693524912287,-0.921195735236934,3.63005601739009e-18,4.35606722086811e-17,Lower in High,Proteostasis / metabolism,6,-0.921195735236934,***
PAAD,Mitochondrial dysfunction,89,89,0.16195690520041,-0.368760840147018,-0.530717745347428,8.77844320317921e-06,5.04517792288046e-05,Lower in High,Proteostasis / metabolism,6,-0.530717745347428,***
PCPG,Mitochondrial dysfunction,89,90,0.423946002406851,-0.288496217293138,-0.712442219699989,3.11629372640396e-08,3.73955247168475e-07,Lower in High,Proteostasis / metabolism,6,-0.712442219699989,***
PRAD,Mitochondrial dysfunction,248,249,0.378950928131404,-0.255876140700481,-0.634827068831885,2.8693153120065e-25,3.4431783744078e-24,Lower in High,Proteostasis / metabolism,6,-0.634827068831885,***
READ,Mitochondrial dysfunction,83,83,0.261991325531985,-0.240310779498761,-0.502302105030746,0.06658925841462,0.13317851682924,Lower in High,Proteostasis / metabolism,6,-0.502302105030746,""
SARC,Mitochondrial dysfunction,129,130,0.323445970701284,-0.316281440115823,-0.639727410817107,1.17928064003675e-08,4.71712256014699e-08,Lower in High,Proteostasis / metabolism,6,-0.639727410817107,***
SKCM,Mitochondrial dysfunction,234,235,0.270829643967687,-0.151395927120796,-0.422225571088484,7.41190657132048e-05,0.000127061255508351,Lower in High,Proteostasis / metabolism,6,-0.422225571088484,***
STAD,Mitochondrial dysfunction,187,188,0.175776657587775,-0.207799748231838,-0.383576405819613,0.00107376508959291,0.00322129526877873,Lower in High,Proteostasis / metabolism,6,-0.383576405819613,**
TGCT,Mitochondrial dysfunction,75,75,0.481990820752391,-0.416963106530923,-0.898953927283315,3.26656321069027e-06,1.95993792641416e-05,Lower in High,Proteostasis / metabolism,6,-0.898953927283315,***
THCA,Mitochondrial dysfunction,252,252,0.323864254986383,-0.480061058085427,-0.80392531307181,9.66833390149435e-19,5.80100034089661e-18,Lower in High,Proteostasis / metabolism,6,-0.80392531307181,***
THYM,Mitochondrial dysfunction,60,60,0.535727519694548,-0.025733163827243,-0.561460683521791,0.00112683580364537,0.0033805074109361,Lower in High,Proteostasis / metabolism,6,-0.561460683521791,**
UCEC,Mitochondrial dysfunction,272,273,0.247649466867698,-0.0874704915030813,-0.335119958370779,7.48312950598855e-08,2.24493885179657e-07,Lower in High,Proteostasis / metabolism,6,-0.335119958370779,***
UCS,Mitochondrial dysfunction,28,29,0.465720840645168,-0.529241518741974,-0.994962359387142,0.000741748884533831,0.00890098661440597,Lower in High,Proteostasis / metabolism,6,-0.994962359387142,**
UVM,Mitochondrial dysfunction,40,40,0.317666419037175,-0.212681523076003,-0.530347942113178,0.0570806482987846,0.136993555917083,Lower in High,Proteostasis / metabolism,6,-0.530347942113178,""
ACC,Cellular senescence,39,40,-0.307422947317839,0.287649934005256,0.595072881323095,0.000224070446755753,0.000672211340267259,Higher in High,Cell fate,5,0.595072881323095,***
BLCA,Cellular senescence,203,203,-0.171766972478096,0.35604544551392,0.527812417992015,1.41052082274233e-13,5.64208329096933e-13,Higher in High,Cell fate,5,0.527812417992015,***
BRCA,Cellular senescence,547,548,-0.117423154347361,0.154458596730225,0.271881751077585,3.1549771503434e-11,9.4649314510302e-11,Higher in High,Cell fate,5,0.271881751077585,***
CESC,Cellular senescence,152,152,-0.115412749115395,0.237240849510204,0.3526535986256,0.00170994492147348,0.0029313341510974,Higher in High,Cell fate,5,0.3526535986256,**
CHOL,Cellular senescence,17,18,-0.116620690047374,-0.0613841283704671,0.0552365616769071,0.659844088936063,0.791812906723275,Higher in High,Cell fate,5,0.0552365616769071,""
COAD,Cellular senescence,228,228,-0.165792324208729,0.147376894678055,0.313169218886784,6.62312975511535e-08,2.64925190204614e-07,Higher in High,Cell fate,5,0.313169218886784,***
DLBC,Cellular senescence,24,24,-0.231901853262418,0.36021480454176,0.592116657804178,0.00108393455071883,0.00433573820287533,Higher in High,Cell fate,5,0.592116657804178,**
ESCA,Cellular senescence,81,81,-0.210917682818766,0.252286068262547,0.463203751081313,3.31989635585057e-05,0.000132795854234023,Higher in High,Cell fate,5,0.463203751081313,***
GBM,Cellular senescence,80,81,-0.191173807412495,0.0560317532488533,0.247205560661349,0.00220232009987531,0.00377540588550053,Higher in High,Cell fate,5,0.247205560661349,**
HNSC,Cellular senescence,251,251,-0.190366455008797,0.230738708718621,0.421105163727418,1.00196844270598e-12,4.00787377082393e-12,Higher in High,Cell fate,5,0.421105163727418,***
KICH,Cellular senescence,32,33,-0.214386752621826,0.134378944275506,0.348765696897331,0.0147724620629743,0.0790265039981857,Higher in High,Cell fate,5,0.348765696897331,""
KIRC,Cellular senescence,266,266,0.0111462075614574,0.0709770835060042,0.0598308759445467,0.0563156164600027,0.112631232920005,Higher in High,Cell fate,5,0.0598308759445467,""
KIRP,Cellular senescence,145,145,-0.220150070548109,0.0526787835657785,0.272828854113888,0.0102560367433703,0.0205120734867405,Higher in High,Cell fate,5,0.272828854113888,*
LAML,Cellular senescence,75,75,0.0811429130313436,-0.0706986000553091,-0.151841513086653,0.72666766352166,0.872001196225991,Lower in High,Cell fate,5,-0.151841513086653,""
LGG,Cellular senescence,257,257,-0.376250966022573,0.345342535200687,0.72159350122326,1.99260463352415e-20,5.97781390057244e-20,Higher in High,Cell fate,5,0.72159350122326,***
LIHC,Cellular senescence,185,186,-0.331008238135941,0.263063118355257,0.594071356491198,2.19530234152968e-19,8.78120936611873e-19,Higher in High,Cell fate,5,0.594071356491198,***
LUAD,Cellular senescence,258,258,-0.212935911970448,0.255393703972077,0.468329615942525,8.2439681185108e-12,3.29758724740432e-11,Higher in High,Cell fate,5,0.468329615942525,***
LUSC,Cellular senescence,250,251,-0.0312724334462444,0.0863189583709901,0.117591391817235,0.0517590221510453,0.077638533226568,Higher in High,Cell fate,5,0.117591391817235,""
MESO,Cellular senescence,43,44,-0.286703824689244,0.28311062723315,0.569814451922394,0.00116153708621441,0.00348461125864323,Higher in High,Cell fate,5,0.569814451922394,**
OV,Cellular senescence,189,189,-0.122463904320159,0.197443742299616,0.319907646619775,0.000839550191156937,0.00143922889912618,Higher in High,Cell fate,5,0.319907646619775,**
PAAD,Cellular senescence,89,89,-0.149794976343032,0.292933661833527,0.442728638176559,1.26129448072012e-05,5.04517792288046e-05,Higher in High,Cell fate,5,0.442728638176559,***
PCPG,Cellular senescence,89,90,-0.0116348924137772,0.0904758059685839,0.102110698382361,0.438570881127328,0.526285057352793,Higher in High,Cell fate,5,0.102110698382361,""
PRAD,Cellular senescence,248,249,-0.107239500443911,0.270372303012991,0.377611803456901,1.43696272000738e-10,4.31088816002214e-10,Higher in High,Cell fate,5,0.377611803456901,***
READ,Cellular senescence,83,83,-0.22077391959429,0.279371041855224,0.500144961449513,7.14906628266444e-06,3.22730771985512e-05,Higher in High,Cell fate,5,0.500144961449513,***
SARC,Cellular senescence,129,130,-0.233743916031656,0.209058985736955,0.442802901768611,2.15897531547373e-05,4.31795063094747e-05,Higher in High,Cell fate,5,0.442802901768611,***
SKCM,Cellular senescence,234,235,-0.195928549811095,0.230059457593327,0.425988007404422,2.10079806338509e-09,8.40319225354038e-09,Higher in High,Cell fate,5,0.425988007404422,***
STAD,Cellular senescence,187,188,-0.0798361342255557,0.153272372386043,0.233108506611599,1.26451034319331e-05,5.05804137277326e-05,Higher in High,Cell fate,5,0.233108506611599,***
TGCT,Cellular senescence,75,75,0.0296857299185639,-0.0300872654775496,-0.0597729953961135,0.922149134805024,0.922149134805024,Lower in High,Cell fate,5,-0.0597729953961135,""
THCA,Cellular senescence,252,252,-0.0686754104128761,0.143669194676195,0.212344605089071,4.07767985500312e-05,6.99030832286249e-05,Higher in High,Cell fate,5,0.212344605089071,***
THYM,Cellular senescence,60,60,-0.33130360655405,0.393188007200018,0.724491613754069,2.14968492390121e-09,2.57962190868145e-08,Higher in High,Cell fate,5,0.724491613754069,***
UCEC,Cellular senescence,272,273,-0.230236879528979,0.304661928261236,0.534898807790215,6.04206945295133e-21,2.41682778118053e-20,Higher in High,Cell fate,5,0.534898807790215,***
UCS,Cellular senescence,28,29,-0.169689842595911,0.0333832271741145,0.203073069770025,0.262668553169491,0.315202263803389,Higher in High,Cell fate,5,0.203073069770025,""
UVM,Cellular senescence,40,40,-0.186907898088907,0.129039927253783,0.31594782534269,0.543192219784005,0.724256293045339,Higher in High,Cell fate,5,0.31594782534269,""
ACC,Stem cell exhaustion,39,40,0.111703210600341,0.0340056256783825,-0.077697584921958,0.895281927623321,0.957235530401218,Lower in High,Cell fate,4,-0.077697584921958,""
BLCA,Stem cell exhaustion,203,203,0.114896408839363,-0.0191180815424807,-0.134014490381843,0.547007215877062,0.596735144593159,Lower in High,Cell fate,4,-0.134014490381843,""
BRCA,Stem cell exhaustion,547,548,0.0953811957562624,0.0349605490213754,-0.060420646734887,0.877803417879919,0.877803417879919,Lower in High,Cell fate,4,-0.060420646734887,""
CESC,Stem cell exhaustion,152,152,-0.158320216490975,0.0842053925528165,0.242525609043792,0.108615335992357,0.141015320281267,Higher in High,Cell fate,4,0.242525609043792,""
CHOL,Stem cell exhaustion,17,18,-0.193051041919235,0.334600050524739,0.527651092443974,0.0486524404765624,0.194609761906249,Higher in High,Cell fate,4,0.527651092443974,""
COAD,Stem cell exhaustion,228,228,-0.0529160507302021,0.0352519933895091,0.0881680441197113,0.689319146501953,0.740228911719278,Higher in High,Cell fate,4,0.0881680441197113,""
DLBC,Stem cell exhaustion,24,24,-0.373720706789099,0.398555242142743,0.772275948931842,0.206792440630272,0.310188660945408,Higher in High,Cell fate,4,0.772275948931842,""
ESCA,Stem cell exhaustion,81,81,-0.132729619471522,0.211498667129517,0.344228286601038,0.0348291137282413,0.0610321415955689,Higher in High,Cell fate,4,0.344228286601038,""
GBM,Stem cell exhaustion,80,81,-0.401625080188408,0.486109680278255,0.887734760466662,2.59158200104869e-07,1.03663280041948e-06,Higher in High,Cell fate,4,0.887734760466662,***
HNSC,Stem cell exhaustion,251,251,-0.0730392697605123,0.196112498531522,0.269151768292034,0.0420978915256464,0.0459249725734324,Higher in High,Cell fate,4,0.269151768292034,*
KICH,Stem cell exhaustion,32,33,-0.2061123668299,0.190007603384833,0.396119970214732,0.0369393898682634,0.088654535683832,Higher in High,Cell fate,4,0.396119970214732,""
KIRC,Stem cell exhaustion,266,266,-0.0312528778216199,0.256443361055896,0.287696238877516,2.47765572558172e-05,7.43296717674517e-05,Higher in High,Cell fate,4,0.287696238877516,***
KIRP,Stem cell exhaustion,145,145,-0.135646689547221,0.0771208438479617,0.212767533395182,0.000250011078937795,0.000600026589450707,Higher in High,Cell fate,4,0.212767533395182,***
LAML,Stem cell exhaustion,75,75,0.0325289165200075,-0.123402376095057,-0.155931292615064,0.943066811393625,0.95803293607954,Lower in High,Cell fate,4,-0.155931292615064,""
LGG,Stem cell exhaustion,257,257,-0.194303995004068,0.240134783022647,0.434438778026714,1.99671964145681e-08,3.4229479567831e-08,Higher in High,Cell fate,4,0.434438778026714,***
LIHC,Stem cell exhaustion,185,186,-0.0369866802053237,0.111274516325565,0.148261196530889,0.0367124078392131,0.0629355562957939,Higher in High,Cell fate,4,0.148261196530889,""
LUAD,Stem cell exhaustion,258,258,0.119177214195793,0.115638016157653,-0.00353919803814051,0.603515563517685,0.643606037464861,Lower in High,Cell fate,4,-0.00353919803814051,""
LUSC,Stem cell exhaustion,250,251,0.0288269744039047,0.0673298248325638,0.0385028504286591,0.0885331049808788,0.118044139974505,Higher in High,Cell fate,4,0.0385028504286591,""
MESO,Stem cell exhaustion,43,44,-0.378648735658704,0.0753409424676615,0.453989678126365,0.00279029765766766,0.00669671437840238,Higher in High,Cell fate,4,0.453989678126365,**
OV,Stem cell exhaustion,189,189,-0.065475793304968,0.249604344238272,0.31508013754324,5.81729114977745e-05,0.000139614987594659,Higher in High,Cell fate,4,0.31508013754324,***
PAAD,Stem cell exhaustion,89,89,0.164212070645408,0.240797641712162,0.0765855710667535,0.178931567276058,0.21471788073127,Higher in High,Cell fate,4,0.0765855710667535,""
PCPG,Stem cell exhaustion,89,90,-0.115840824135299,0.11509073339995,0.230931557535248,0.251477867491735,0.431104915700116,Higher in High,Cell fate,4,0.230931557535248,""
PRAD,Stem cell exhaustion,248,249,0.03776046006939,0.151903416595829,0.114142956526439,0.0135252244237151,0.0231860990120831,Higher in High,Cell fate,4,0.114142956526439,*
READ,Stem cell exhaustion,83,83,-0.00158375011431045,0.0975185254599945,0.0991022755743049,0.202058643524044,0.346386246041218,Higher in High,Cell fate,4,0.0991022755743049,""
SARC,Stem cell exhaustion,129,130,-0.024665233829016,-0.167577978622881,-0.142912744793865,0.664419490019395,0.72482126183934,Lower in High,Cell fate,4,-0.142912744793865,""
SKCM,Stem cell exhaustion,234,235,-0.00848045346547402,-0.0524658121222868,-0.0439853586568128,0.704541507783923,0.76859073576428,Lower in High,Cell fate,4,-0.0439853586568128,""
STAD,Stem cell exhaustion,187,188,0.079777288998696,0.00723374755533564,-0.0725435414433603,0.542319709261809,0.591621501012882,Lower in High,Cell fate,4,-0.0725435414433603,""
TGCT,Stem cell exhaustion,75,75,-0.0563026944167001,-0.485534985217472,-0.429232290800772,0.248529089626305,0.271122643228696,Lower in High,Cell fate,4,-0.429232290800772,""
THCA,Stem cell exhaustion,252,252,-0.0847171575320157,0.251467575637956,0.336184733169972,2.13906070782197e-06,6.41718212346592e-06,Higher in High,Cell fate,4,0.336184733169972,***
THYM,Stem cell exhaustion,60,60,0.0600329795196746,-0.124791075815056,-0.18482405533473,0.972784528333556,0.981156616558046,Lower in High,Cell fate,4,-0.18482405533473,""
UCEC,Stem cell exhaustion,272,273,-0.049475322206898,0.204092992130628,0.253568314337526,0.000136449982110424,0.000272899964220849,Higher in High,Cell fate,4,0.253568314337526,***
UCS,Stem cell exhaustion,28,29,-0.207213186423794,0.0987044623105795,0.305917648734374,0.0177262652104193,0.0741496709643636,Higher in High,Cell fate,4,0.305917648734374,""
UVM,Stem cell exhaustion,40,40,0.485113684922351,-0.421311597432469,-0.90642528235482,0.000161806115315816,0.000970836691894893,Lower in High,Cell fate,4,-0.90642528235482,***
ACC,Altered intercellular communication,39,40,-0.0103669029726272,0.0148820478156209,0.0252489507882481,0.68567311297917,0.822807735575004,Higher in High,Communication / inflammation,3,0.0252489507882481,""
BLCA,Altered intercellular communication,203,203,0.0504712707987145,0.0812373184499562,0.0307660476512417,0.48316813147729,0.579801757772748,Higher in High,Communication / inflammation,3,0.0307660476512417,""
BRCA,Altered intercellular communication,547,548,0.135780250500172,0.0191145459243048,-0.116665704575868,0.00383851614604757,0.00575777421907136,Lower in High,Communication / inflammation,3,-0.116665704575868,**
CESC,Altered intercellular communication,152,152,0.268449278469238,-0.149257048175365,-0.417706326644602,0.000100478900223694,0.000241149360536865,Lower in High,Communication / inflammation,3,-0.417706326644602,***
CHOL,Altered intercellular communication,17,18,0.0611214332382574,-0.0224715213751032,-0.0835929546133606,0.636362120573563,0.791812906723275,Lower in High,Communication / inflammation,3,-0.0835929546133606,""
COAD,Altered intercellular communication,228,228,-0.022490324328366,0.0615194325248908,0.0840097568532569,0.740228911719278,0.740228911719278,Higher in High,Communication / inflammation,3,0.0840097568532569,""
DLBC,Altered intercellular communication,24,24,0.0353289951265742,0.041124660242614,0.00579566511603982,0.846132512586467,0.923053650094327,Higher in High,Communication / inflammation,3,0.00579566511603982,""
ESCA,Altered intercellular communication,81,81,0.298882417902863,-0.0614111985800708,-0.360293616482934,0.0406880943970459,0.0610321415955689,Lower in High,Communication / inflammation,3,-0.360293616482934,""
GBM,Altered intercellular communication,80,81,0.231885913194993,-0.151964122219841,-0.383850035414834,0.00300886765634909,0.00451330148452363,Lower in High,Communication / inflammation,3,-0.383850035414834,**
HNSC,Altered intercellular communication,251,251,0.171362727704396,-0.106491777941633,-0.277854505646028,8.59189096034244e-05,0.000257756728810273,Lower in High,Communication / inflammation,3,-0.277854505646028,***
KICH,Altered intercellular communication,32,33,-0.374777724769099,0.12307262273805,0.497850347507149,0.12048092220474,0.206538723779554,Higher in High,Communication / inflammation,3,0.497850347507149,""
KIRC,Altered intercellular communication,266,266,0.187810020765784,0.0601202697111887,-0.127689751054595,0.0822694773912906,0.123404216086936,Lower in High,Communication / inflammation,3,-0.127689751054595,""
KIRP,Altered intercellular communication,145,145,0.035732830396803,-0.112573800662506,-0.148306631059309,0.338806498799143,0.338806498799143,Lower in High,Communication / inflammation,3,-0.148306631059309,""
LAML,Altered intercellular communication,75,75,0.10638187746777,-0.0378865031854511,-0.144268380653221,0.0811504170734691,0.324601668293876,Lower in High,Communication / inflammation,3,-0.144268380653221,""
LGG,Altered intercellular communication,257,257,-0.182348453216201,0.192623864862404,0.374972318078605,0.000273523343378989,0.000410285015068483,Higher in High,Communication / inflammation,3,0.374972318078605,***
LIHC,Altered intercellular communication,185,186,-0.0866295344409467,0.125779867182848,0.212409401623795,0.0445811433416488,0.0668717150124732,Higher in High,Communication / inflammation,3,0.212409401623795,""
LUAD,Altered intercellular communication,258,258,0.0802646038184746,0.0431442442380967,-0.0371203595803779,0.643606037464861,0.643606037464861,Lower in High,Communication / inflammation,3,-0.0371203595803779,""
LUSC,Altered intercellular communication,250,251,0.506161044241304,-0.326994870735185,-0.833155914976489,2.69097408736904e-23,1.07638963494762e-22,Lower in High,Communication / inflammation,3,-0.833155914976489,***
MESO,Altered intercellular communication,43,44,-0.246522244820657,0.280675473298057,0.527197718118713,0.46984029961562,0.512553054126131,Higher in High,Communication / inflammation,3,0.527197718118713,""
OV,Altered intercellular communication,189,189,0.11104455260006,-0.0758460655473517,-0.186890618147412,0.0153379088972885,0.0230068633459328,Lower in High,Communication / inflammation,3,-0.186890618147412,*
PAAD,Altered intercellular communication,89,89,0.0707032055912436,0.298536722264664,0.227833516673421,0.0166532812039515,0.033306562407903,Higher in High,Communication / inflammation,3,0.227833516673421,*
PCPG,Altered intercellular communication,89,90,0.0867143071276811,0.127995717104301,0.0412814099766201,0.776282052356837,0.776282052356837,Higher in High,Communication / inflammation,3,0.0412814099766201,""
PRAD,Altered intercellular communication,248,249,0.0671863836820294,0.175473561201136,0.108287177519106,0.0415514448073018,0.0597015204607132,Higher in High,Communication / inflammation,3,0.108287177519106,""
READ,Altered intercellular communication,83,83,0.0316277924466001,0.0432131799728033,0.0115853875262032,0.984539681808855,0.984539681808855,Higher in High,Communication / inflammation,3,0.0115853875262032,""
SARC,Altered intercellular communication,129,130,0.338864729695874,-0.0843774452289725,-0.423242174924847,0.00019644201921055,0.000336757747218085,Lower in High,Communication / inflammation,3,-0.423242174924847,***
SKCM,Altered intercellular communication,234,235,0.269612842122609,-0.167472735300408,-0.437085577423017,3.84456604427085e-08,1.15336981328126e-07,Lower in High,Communication / inflammation,3,-0.437085577423017,***
STAD,Altered intercellular communication,187,188,0.135744875131991,-0.0391190913643108,-0.174863966496302,0.033411558577635,0.0572769575616601,Lower in High,Communication / inflammation,3,-0.174863966496302,""
TGCT,Altered intercellular communication,75,75,0.191317593273163,-0.181860042214651,-0.373177635487813,0.00023342188932117,0.000700265667963509,Lower in High,Communication / inflammation,3,-0.373177635487813,***
THCA,Altered intercellular communication,252,252,0.130379192748108,0.0822591907250846,-0.048120002023023,0.358687795263156,0.430425354315787,Lower in High,Communication / inflammation,3,-0.048120002023023,""
THYM,Altered intercellular communication,60,60,0.0626182268502377,-0.0867689260180145,-0.149387152868252,0.835758992811886,0.981156616558046,Lower in High,Communication / inflammation,3,-0.149387152868252,""
UCEC,Altered intercellular communication,272,273,0.115495330662076,-0.0381916030869893,-0.153686933749065,0.0203678206269674,0.0244413847523608,Lower in High,Communication / inflammation,3,-0.153686933749065,*
UCS,Altered intercellular communication,28,29,0.2156097335717,-0.273037416225552,-0.488647149797252,0.140686447537271,0.24117676720675,Lower in High,Communication / inflammation,3,-0.488647149797252,""
UVM,Altered intercellular communication,40,40,0.0877009757851185,0.0763995908122709,-0.0113013849728476,0.255715645350691,0.438369677744041,Lower in High,Communication / inflammation,3,-0.0113013849728476,""
ACC,Chronic inflammation,39,40,0.23777010376053,-0.297322188163191,-0.535092291923721,0.00663308371684359,0.0132661674336872,Lower in High,Communication / inflammation,2,-0.535092291923721,*
BLCA,Chronic inflammation,203,203,0.134176895129785,0.0383699641479981,-0.0958069309817872,0.607646571012499,0.607646571012499,Lower in High,Communication / inflammation,2,-0.0958069309817872,""
BRCA,Chronic inflammation,547,548,0.126384783436265,0.00575875299744063,-0.120626030438824,0.00556357129757789,0.00741809506343719,Lower in High,Communication / inflammation,2,-0.120626030438824,**
CESC,Chronic inflammation,152,152,0.340997470961273,-0.0508611466802056,-0.391858617641478,1.68421161296127e-05,6.73684645184509e-05,Lower in High,Communication / inflammation,2,-0.391858617641478,***
CHOL,Chronic inflammation,17,18,-0.0328373599001836,0.223873055207926,0.25671041510811,0.857791085054126,0.857791085054126,Higher in High,Communication / inflammation,2,0.25671041510811,""
COAD,Chronic inflammation,228,228,0.0354306280907176,0.130449008642566,0.095018380551848,0.60462678097648,0.725552137171776,Higher in High,Communication / inflammation,2,0.095018380551848,""
DLBC,Chronic inflammation,24,24,-0.03067306232196,0.319459012202679,0.350132074524639,0.185272618270148,0.310188660945408,Higher in High,Communication / inflammation,2,0.350132074524639,""
ESCA,Chronic inflammation,81,81,0.253980529173629,-0.20927802866678,-0.463258557840409,0.000890716904339769,0.00267215071301931,Lower in High,Communication / inflammation,2,-0.463258557840409,**
GBM,Chronic inflammation,80,81,0.412055317950835,-0.341589185065033,-0.753644503015868,1.61902933281296e-06,4.85708799843889e-06,Lower in High,Communication / inflammation,2,-0.753644503015868,***
HNSC,Chronic inflammation,251,251,0.20383371123655,-0.0812482720345249,-0.285081983271075,0.00140440006328399,0.00280880012656799,Lower in High,Communication / inflammation,2,-0.285081983271075,**
KICH,Chronic inflammation,32,33,-0.107071250281349,0.00882436589435911,0.115895616175708,0.445291960096585,0.534350352115902,Higher in High,Communication / inflammation,2,0.115895616175708,""
KIRC,Chronic inflammation,266,266,0.0565331900232137,-0.00596120749133472,-0.0624943975145484,0.995274234110879,0.995274234110879,Lower in High,Communication / inflammation,2,-0.0624943975145484,""
KIRP,Chronic inflammation,145,145,0.0860671146736769,-0.161828145082806,-0.247895259756483,0.108197544674474,0.143270318212135,Lower in High,Communication / inflammation,2,-0.247895259756483,""
LAML,Chronic inflammation,75,75,0.201267527578499,0.0109696839550056,-0.190297843623493,0.385248653031415,0.642838957427775,Lower in High,Communication / inflammation,2,-0.190297843623493,""
LGG,Chronic inflammation,257,257,-0.136449388880063,-0.0559726192362094,0.0804767696438534,0.0547503705068705,0.059727676916586,Higher in High,Communication / inflammation,2,0.0804767696438534,""
LIHC,Chronic inflammation,185,186,-0.0200696142982796,0.000114760200144254,0.0201843744984238,0.649409852509476,0.708447111828519,Higher in High,Communication / inflammation,2,0.0201843744984238,""
LUAD,Chronic inflammation,258,258,0.149357130590585,-0.0349134961511921,-0.184270626741777,0.0259405776340726,0.0345874368454301,Lower in High,Communication / inflammation,2,-0.184270626741777,*
LUSC,Chronic inflammation,250,251,0.484815434596883,-0.347716613652903,-0.832532048249786,3.08130774725328e-24,1.84878464835197e-23,Lower in High,Communication / inflammation,2,-0.832532048249786,***
MESO,Chronic inflammation,43,44,-0.0104356182723538,0.0548467648243459,0.0652823830966997,0.796703392894481,0.796703392894481,Higher in High,Communication / inflammation,2,0.0652823830966997,""
OV,Chronic inflammation,189,189,0.156230138676108,0.129062772288293,-0.0271673663878151,0.573433115796497,0.573433115796497,Lower in High,Communication / inflammation,2,-0.0271673663878151,""
PAAD,Chronic inflammation,89,89,-0.0635202698792586,0.23125429644777,0.294774566327028,0.164346977425583,0.21471788073127,Higher in High,Communication / inflammation,2,0.294774566327028,""
PCPG,Chronic inflammation,89,90,-0.0216228637573484,0.0767032001769992,0.0983260639343476,0.346225515819141,0.461634021092188,Higher in High,Communication / inflammation,2,0.0983260639343476,""
PRAD,Chronic inflammation,248,249,-0.0368862212706044,0.024357098050439,0.0612433193210434,0.192874006712235,0.231448808054682,Higher in High,Communication / inflammation,2,0.0612433193210434,""
READ,Chronic inflammation,83,83,-0.112558446350676,0.0128025893515392,0.125361035702215,0.781204924342036,0.904022074770605,Higher in High,Communication / inflammation,2,0.125361035702215,""
SARC,Chronic inflammation,129,130,0.382881600875933,-0.210850915847744,-0.593732516723677,1.13987362599791e-07,3.41962087799372e-07,Lower in High,Communication / inflammation,2,-0.593732516723677,***
SKCM,Chronic inflammation,234,235,0.31669001231547,-0.22855859367643,-0.5452486059919,7.06589552826529e-07,1.69581492678367e-06,Lower in High,Communication / inflammation,2,-0.5452486059919,***
STAD,Chronic inflammation,187,188,0.163816397932008,0.0981127230973114,-0.0657036748346964,0.228647729678611,0.342971594517916,Lower in High,Communication / inflammation,2,-0.0657036748346964,""
TGCT,Chronic inflammation,75,75,0.232083212405225,-0.107243167555893,-0.339326379961118,0.00305769336195047,0.00611538672390094,Lower in High,Communication / inflammation,2,-0.339326379961118,**
THCA,Chronic inflammation,252,252,0.139338722947515,-0.0143967913696112,-0.153735514317126,0.0759190717776709,0.101225429036895,Lower in High,Communication / inflammation,2,-0.153735514317126,""
THYM,Chronic inflammation,60,60,0.00691116779020403,-0.171871276175377,-0.178782443965581,0.0642926275271219,0.0964389412906828,Lower in High,Communication / inflammation,2,-0.178782443965581,""
UCEC,Chronic inflammation,272,273,0.117367936247984,-0.0879440634171972,-0.205311999665182,0.00227079715600146,0.00389279512457393,Lower in High,Communication / inflammation,2,-0.205311999665182,**
UCS,Chronic inflammation,28,29,0.11212040025228,-0.362196608518619,-0.474317008770899,0.194856710095882,0.292285065143824,Lower in High,Communication / inflammation,2,-0.474317008770899,""
UVM,Chronic inflammation,40,40,-0.0952019230020171,-0.164708543047519,-0.0695066200455014,0.67715738784255,0.738717150373691,Lower in High,Communication / inflammation,2,-0.0695066200455014,""
ACC,Extracellular matrix changes,39,40,0.011425359744165,0.038293211807864,0.026867852063699,0.957235530401218,0.957235530401218,Higher in High,Communication / inflammation,1,0.026867852063699,""
BLCA,Extracellular matrix changes,203,203,0.230994546254374,-0.0505700546543135,-0.281564600908687,0.00990808885144519,0.0148621332771678,Lower in High,Communication / inflammation,1,-0.281564600908687,*
BRCA,Extracellular matrix changes,547,548,0.264354164042459,0.0449839810655276,-0.219370182976932,7.22429380925279e-06,1.73383051422067e-05,Lower in High,Communication / inflammation,1,-0.219370182976932,***
CESC,Extracellular matrix changes,152,152,0.0942632905360895,-0.0320030890848943,-0.126266379620984,0.117512766901056,0.141015320281267,Lower in High,Communication / inflammation,1,-0.126266379620984,""
CHOL,Extracellular matrix changes,17,18,-0.170020535578956,0.19042981625614,0.360450351835096,0.258445347475976,0.654376365892859,Higher in High,Communication / inflammation,1,0.360450351835096,""
COAD,Extracellular matrix changes,228,228,0.105322376559053,0.0351602236937223,-0.0701621528653308,0.271403139420651,0.407104709130977,Lower in High,Communication / inflammation,1,-0.0701621528653308,""
DLBC,Extracellular matrix changes,24,24,0.125330363765336,0.0123076692336771,-0.113022694531658,0.975559196195001,0.975559196195001,Lower in High,Communication / inflammation,1,-0.113022694531658,""
ESCA,Extracellular matrix changes,81,81,0.0604289492693001,0.0551686594300944,-0.00526028983920569,0.634313879326879,0.6803257267334,Lower in High,Communication / inflammation,1,-0.00526028983920569,""
GBM,Extracellular matrix changes,80,81,0.0542902005109899,-0.151107225302385,-0.205397425813375,0.165166915354805,0.198200298425766,Lower in High,Communication / inflammation,1,-0.205397425813375,""
HNSC,Extracellular matrix changes,251,251,0.0126071249727029,0.0667900610712537,0.0541829360985508,0.790838150029846,0.790838150029846,Higher in High,Communication / inflammation,1,0.0541829360985508,""
KICH,Extracellular matrix changes,32,33,-0.0734174871858176,0.0302229699495723,0.10364045713539,0.445291960096585,0.534350352115902,Higher in High,Communication / inflammation,1,0.10364045713539,""
KIRC,Extracellular matrix changes,266,266,-0.0241255883989452,0.137448306300892,0.161573894699837,0.148960131364672,0.19861350848623,Higher in High,Communication / inflammation,1,0.161573894699837,""
KIRP,Extracellular matrix changes,145,145,-0.133250533580441,-0.0428110968500488,0.0904394367303923,0.0313553306229011,0.0537519953535447,Higher in High,Communication / inflammation,1,0.0904394367303923,""
LAML,Extracellular matrix changes,75,75,0.180132681078634,-0.146578287531401,-0.326710968610036,0.130786257192903,0.392358771578708,Lower in High,Communication / inflammation,1,-0.326710968610036,""
LGG,Extracellular matrix changes,257,257,-0.297083978837569,-0.0977862169711273,0.199297761866442,0.0013760024373664,0.00183466991648853,Higher in High,Communication / inflammation,1,0.199297761866442,**
LIHC,Extracellular matrix changes,185,186,-0.0649794927638142,0.165462693630725,0.230442186394539,0.298623024188568,0.358347629026282,Higher in High,Communication / inflammation,1,0.230442186394539,""
LUAD,Extracellular matrix changes,258,258,0.131960241023744,-0.0113182213573487,-0.143278462381093,0.108558747196508,0.13027049663581,Lower in High,Communication / inflammation,1,-0.143278462381093,""
LUSC,Extracellular matrix changes,250,251,0.459687833629691,-0.353022517559307,-0.812710351188998,4.37315706759574e-14,1.04955769622298e-13,Lower in High,Communication / inflammation,1,-0.812710351188998,***
MESO,Extracellular matrix changes,43,44,-0.292294520725894,0.33555959677363,0.627854117499524,0.0119071415530498,0.0178607123295747,Higher in High,Communication / inflammation,1,0.627854117499524,*
OV,Extracellular matrix changes,189,189,-0.12980318080941,0.0689945136329892,0.198797694442399,0.0343876632294892,0.045850217639319,Higher in High,Communication / inflammation,1,0.198797694442399,*
PAAD,Extracellular matrix changes,89,89,0.218277816813811,0.295886429653232,0.0776086128394215,0.762227363616496,0.795697652268783,Higher in High,Communication / inflammation,1,0.0776086128394215,""
PCPG,Extracellular matrix changes,89,90,0.0127117883081148,-0.0164345744648835,-0.0291463627729982,0.596536246149922,0.650766813981733,Lower in High,Communication / inflammation,1,-0.0291463627729982,""
PRAD,Extracellular matrix changes,248,249,0.125316752559991,0.0770668591554533,-0.048249893404538,0.947952671816107,0.947952671816107,Lower in High,Communication / inflammation,1,-0.048249893404538,""
READ,Extracellular matrix changes,83,83,0.146438917262706,-0.055121362290275,-0.201560279552981,0.783685409701441,0.904022074770605,Lower in High,Communication / inflammation,1,-0.201560279552981,""
SARC,Extracellular matrix changes,129,130,0.109505971206631,-0.207745999677337,-0.317251970883968,0.00102977247049909,0.00154465870574863,Lower in High,Communication / inflammation,1,-0.317251970883968,**
SKCM,Extracellular matrix changes,234,235,0.0990340438049553,-0.164516953915777,-0.263550997720732,0.0152615646708974,0.0203487528945299,Lower in High,Communication / inflammation,1,-0.263550997720732,*
STAD,Extracellular matrix changes,187,188,0.164109837378247,-0.0499108012400055,-0.214020638618253,0.0106507841905998,0.0255618820574395,Lower in High,Communication / inflammation,1,-0.214020638618253,*
TGCT,Extracellular matrix changes,75,75,-0.0222075511291209,-0.512532402886473,-0.490324851757352,0.00770025016178656,0.013200428848777,Lower in High,Communication / inflammation,1,-0.490324851757352,*
THCA,Extracellular matrix changes,252,252,-0.091303255472676,0.0119566401332558,0.103259895605932,0.888837487591786,0.888837487591786,Higher in High,Communication / inflammation,1,0.103259895605932,""
THYM,Extracellular matrix changes,60,60,0.0785342394842893,-0.170536485551334,-0.249070725035623,0.140955219144371,0.187940292192495,Lower in High,Communication / inflammation,1,-0.249070725035623,""
UCEC,Extracellular matrix changes,272,273,0.0355954768111398,0.0174688995822624,-0.0181265772288774,0.418681303770437,0.418681303770437,Lower in High,Communication / inflammation,1,-0.0181265772288774,""
UCS,Extracellular matrix changes,28,29,-0.0148380488155989,0.0550324891118155,0.0698705379274144,0.674609344800397,0.674609344800397,Higher in High,Communication / inflammation,1,0.0698705379274144,""
UVM,Extracellular matrix changes,40,40,0.427808467341567,-0.348512592604516,-0.776321059946084,0.000364422157422551,0.00145768862969021,Lower in High,Communication / inflammation,1,-0.776321059946084,**
